run_id,source_domain_seed,bellman_noise_seed,bias_level,noise_level,bellman_noise_level,method,target_performance,normalized_performance,oracle_performance,policy_error_rate,map_name,discount,stepsize,sync_period,iterations,source_domain_base_seed,bellman_noise_base_seed,aggregation_noise_seed,evaluation_type,target_domain,source_randomness,noise_location,uncertainty_distance,robust_backup_type,source_index,perturb_epsilon,empirical_gamma_l1,mean_local_l1_radius,similarity_weight
0,2026,3000,0.0,0.0,0.0,Maximum-based,0.4146403617999878,1.0,0.4146403617999878,0.078125,8x8,0.99,0.5,5,500,2026,3000,-1,exact,fixed,perturbation_seed,bellman_backup_only,support_restricted_tv_l1,exact_support_restricted_l1,,,,,
0,2026,3000,0.0,0.0,0.0,Similarity-aware,0.4144956961647513,0.9996511057567852,0.4146403617999878,0.0625,8x8,0.99,0.5,5,500,2026,3000,-1,exact,fixed,perturbation_seed,bellman_backup_only,support_restricted_tv_l1,exact_support_restricted_l1,,,,,
0,2026,3000,0.002,0.002,0.002,Maximum-based,0.414640361799988,1.0000000000000004,0.4146403617999878,0.203125,8x8,0.99,0.5,5,500,2026,3000,-1,exact,fixed,perturbation_seed,bellman_backup_only,support_restricted_tv_l1,exact_support_restricted_l1,,,,,
0,2026,3000,0.002,0.002,0.002,Similarity-aware,0.4144956961647513,0.9996511057567852,0.4146403617999878,0.234375,8x8,0.99,0.5,5,500,2026,3000,-1,exact,fixed,perturbation_seed,bellman_backup_only,support_restricted_tv_l1,exact_support_restricted_l1,,,,,
0,2026,3000,0.004,0.004,0.004,Maximum-based,0.41449066071425145,0.9996389616170348,0.4146403617999878,0.1875,8x8,0.99,0.5,5,500,2026,3000,-1,exact,fixed,perturbation_seed,bellman_backup_only,support_restricted_tv_l1,exact_support_restricted_l1,,,,,
0,2026,3000,0.004,0.004,0.004,Similarity-aware,0.41449066071425145,0.9996389616170348,0.4146403617999878,0.265625,8x8,0.99,0.5,5,500,2026,3000,-1,exact,fixed,perturbation_seed,bellman_backup_only,support_restricted_tv_l1,exact_support_restricted_l1,,,,,
0,2026,3000,0.006,0.006,0.006,Maximum-based,0.4121256644530167,0.9939352326048178,0.4146403617999878,0.203125,8x8,0.99,0.5,5,500,2026,3000,-1,exact,fixed,perturbation_seed,bellman_backup_only,support_restricted_tv_l1,exact_support_restricted_l1,,,,,
0,2026,3000,0.006,0.006,0.006,Similarity-aware,0.41449066071425145,0.9996389616170348,0.4146403617999878,0.25,8x8,0.99,0.5,5,500,2026,3000,-1,exact,fixed,perturbation_seed,bellman_backup_only,support_restricted_tv_l1,exact_support_restricted_l1,,,,,
0,2026,3000,0.008,0.008,0.008,Maximum-based,0.4121256644530167,0.9939352326048178,0.4146403617999878,0.203125,8x8,0.99,0.5,5,500,2026,3000,-1,exact,fixed,perturbation_seed,bellman_backup_only,support_restricted_tv_l1,exact_support_restricted_l1,,,,,
0,2026,3000,0.008,0.008,0.008,Similarity-aware,0.41449066071425145,0.9996389616170348,0.4146403617999878,0.25,8x8,0.99,0.5,5,500,2026,3000,-1,exact,fixed,perturbation_seed,bellman_backup_only,support_restricted_tv_l1,exact_support_restricted_l1,,,,,
0,2026,3000,-1.0,-1.0,-1.0,metadata,,,,,8x8,0.99,0.5,5,500,2026,3000,-1,exact,fixed,perturbation_seed,bellman_backup_only,support_restricted_tv_l1,exact_support_restricted_l1,0.0,0.01,0.024992912806844958,0.009559211168238092,0.3961350353772109
0,2026,3000,-1.0,-1.0,-1.0,metadata,,,,,8x8,0.99,0.5,5,500,2026,3000,-1,exact,fixed,perturbation_seed,bellman_backup_only,support_restricted_tv_l1,exact_support_restricted_l1,1.0,0.015,0.03784405183674722,0.014180262692494613,0.2616184693487644
0,2026,3000,-1.0,-1.0,-1.0,metadata,,,,,8x8,0.99,0.5,5,500,2026,3000,-1,exact,fixed,perturbation_seed,bellman_backup_only,support_restricted_tv_l1,exact_support_restricted_l1,2.0,0.02,0.04701704974649895,0.019451971651461293,0.2105779501135454
0,2026,3000,-1.0,-1.0,-1.0,metadata,,,,,8x8,0.99,0.5,5,500,2026,3000,-1,exact,fixed,perturbation_seed,bellman_backup_only,support_restricted_tv_l1,exact_support_restricted_l1,3.0,0.03,0.07519512616579793,0.028157072953697262,0.13166854516047916
1,2027,3001,0.0,0.0,0.0,Maximum-based,0.4146403617999878,1.0,0.4146403617999878,0.0625,8x8,0.99,0.5,5,500,2026,3000,-1,exact,fixed,perturbation_seed,bellman_backup_only,support_restricted_tv_l1,exact_support_restricted_l1,,,,,
1,2027,3001,0.0,0.0,0.0,Similarity-aware,0.4144956961647513,0.9996511057567852,0.4146403617999878,0.0625,8x8,0.99,0.5,5,500,2026,3000,-1,exact,fixed,perturbation_seed,bellman_backup_only,support_restricted_tv_l1,exact_support_restricted_l1,,,,,
1,2027,3001,0.002,0.002,0.002,Maximum-based,0.41449569616475146,0.9996511057567856,0.4146403617999878,0.171875,8x8,0.99,0.5,5,500,2026,3000,-1,exact,fixed,perturbation_seed,bellman_backup_only,support_restricted_tv_l1,exact_support_restricted_l1,,,,,
1,2027,3001,0.002,0.002,0.002,Similarity-aware,0.4144956961647513,0.9996511057567852,0.4146403617999878,0.125,8x8,0.99,0.5,5,500,2026,3000,-1,exact,fixed,perturbation_seed,bellman_backup_only,support_restricted_tv_l1,exact_support_restricted_l1,,,,,
1,2027,3001,0.004,0.004,0.004,Maximum-based,0.4038697883662476,0.9740243005119321,0.4146403617999878,0.21875,8x8,0.99,0.5,5,500,2026,3000,-1,exact,fixed,perturbation_seed,bellman_backup_only,support_restricted_tv_l1,exact_support_restricted_l1,,,,,
1,2027,3001,0.004,0.004,0.004,Similarity-aware,0.4144906607142513,0.9996389616170345,0.4146403617999878,0.140625,8x8,0.99,0.5,5,500,2026,3000,-1,exact,fixed,perturbation_seed,bellman_backup_only,support_restricted_tv_l1,exact_support_restricted_l1,,,,,
1,2027,3001,0.006,0.006,0.006,Maximum-based,0.4038697883662476,0.9740243005119321,0.4146403617999878,0.21875,8x8,0.99,0.5,5,500,2026,3000,-1,exact,fixed,perturbation_seed,bellman_backup_only,support_restricted_tv_l1,exact_support_restricted_l1,,,,,
1,2027,3001,0.006,0.006,0.006,Similarity-aware,0.4144906607142513,0.9996389616170345,0.4146403617999878,0.140625,8x8,0.99,0.5,5,500,2026,3000,-1,exact,fixed,perturbation_seed,bellman_backup_only,support_restricted_tv_l1,exact_support_restricted_l1,,,,,
1,2027,3001,0.008,0.008,0.008,Maximum-based,0.3931783652646408,0.948239490139892,0.4146403617999878,0.234375,8x8,0.99,0.5,5,500,2026,3000,-1,exact,fixed,perturbation_seed,bellman_backup_only,support_restricted_tv_l1,exact_support_restricted_l1,,,,,
1,2027,3001,0.008,0.008,0.008,Similarity-aware,0.4144906607142513,0.9996389616170345,0.4146403617999878,0.140625,8x8,0.99,0.5,5,500,2026,3000,-1,exact,fixed,perturbation_seed,bellman_backup_only,support_restricted_tv_l1,exact_support_restricted_l1,,,,,
1,2027,3001,-1.0,-1.0,-1.0,metadata,,,,,8x8,0.99,0.5,5,500,2026,3000,-1,exact,fixed,perturbation_seed,bellman_backup_only,support_restricted_tv_l1,exact_support_restricted_l1,0.0,0.01,0.025909340703001105,0.009576237659404152,0.38495032281059965
1,2027,3001,-1.0,-1.0,-1.0,metadata,,,,,8x8,0.99,0.5,5,500,2026,3000,-1,exact,fixed,perturbation_seed,bellman_backup_only,support_restricted_tv_l1,exact_support_restricted_l1,1.0,0.015,0.03692224944088224,0.013489636075259796,0.27013315915552244
1,2027,3001,-1.0,-1.0,-1.0,metadata,,,,,8x8,0.99,0.5,5,500,2026,3000,-1,exact,fixed,perturbation_seed,bellman_backup_only,support_restricted_tv_l1,exact_support_restricted_l1,2.0,0.02,0.048680040014688175,0.018635471244670184,0.20488867975588557
1,2027,3001,-1.0,-1.0,-1.0,metadata,,,,,8x8,0.99,0.5,5,500,2026,3000,-1,exact,fixed,perturbation_seed,bellman_backup_only,support_restricted_tv_l1,exact_support_restricted_l1,3.0,0.03,0.07122907925003802,0.03090245203034733,0.14002783827799226
2,2028,3002,0.0,0.0,0.0,Maximum-based,0.4146187118521112,0.9999477862025234,0.4146403617999878,0.09375,8x8,0.99,0.5,5,500,2026,3000,-1,exact,fixed,perturbation_seed,bellman_backup_only,support_restricted_tv_l1,exact_support_restricted_l1,,,,,
2,2028,3002,0.0,0.0,0.0,Similarity-aware,0.4144956961647513,0.9996511057567852,0.4146403617999878,0.09375,8x8,0.99,0.5,5,500,2026,3000,-1,exact,fixed,perturbation_seed,bellman_backup_only,support_restricted_tv_l1,exact_support_restricted_l1,,,,,
2,2028,3002,0.002,0.002,0.002,Maximum-based,0.41449569616475146,0.9996511057567856,0.4146403617999878,0.140625,8x8,0.99,0.5,5,500,2026,3000,-1,exact,fixed,perturbation_seed,bellman_backup_only,support_restricted_tv_l1,exact_support_restricted_l1,,,,,
2,2028,3002,0.002,0.002,0.002,Similarity-aware,0.41449569616475146,0.9996511057567856,0.4146403617999878,0.1875,8x8,0.99,0.5,5,500,2026,3000,-1,exact,fixed,perturbation_seed,bellman_backup_only,support_restricted_tv_l1,exact_support_restricted_l1,,,,,
2,2028,3002,0.004,0.004,0.004,Maximum-based,0.41184427311015415,0.9932565930685194,0.4146403617999878,0.171875,8x8,0.99,0.5,5,500,2026,3000,-1,exact,fixed,perturbation_seed,bellman_backup_only,support_restricted_tv_l1,exact_support_restricted_l1,,,,,
2,2028,3002,0.004,0.004,0.004,Similarity-aware,0.41449066071425145,0.9996389616170348,0.4146403617999878,0.1875,8x8,0.99,0.5,5,500,2026,3000,-1,exact,fixed,perturbation_seed,bellman_backup_only,support_restricted_tv_l1,exact_support_restricted_l1,,,,,
2,2028,3002,0.006,0.006,0.006,Maximum-based,0.4094655368288309,0.9875197268575289,0.4146403617999878,0.21875,8x8,0.99,0.5,5,500,2026,3000,-1,exact,fixed,perturbation_seed,bellman_backup_only,support_restricted_tv_l1,exact_support_restricted_l1,,,,,
2,2028,3002,0.006,0.006,0.006,Similarity-aware,0.41212566445301696,0.9939352326048184,0.4146403617999878,0.203125,8x8,0.99,0.5,5,500,2026,3000,-1,exact,fixed,perturbation_seed,bellman_backup_only,support_restricted_tv_l1,exact_support_restricted_l1,,,,,
2,2028,3002,0.008,0.008,0.008,Maximum-based,0.3535378599406399,0.8526373515735494,0.4146403617999878,0.296875,8x8,0.99,0.5,5,500,2026,3000,-1,exact,fixed,perturbation_seed,bellman_backup_only,support_restricted_tv_l1,exact_support_restricted_l1,,,,,
2,2028,3002,0.008,0.008,0.008,Similarity-aware,0.39298468668963227,0.9477723899903365,0.4146403617999878,0.25,8x8,0.99,0.5,5,500,2026,3000,-1,exact,fixed,perturbation_seed,bellman_backup_only,support_restricted_tv_l1,exact_support_restricted_l1,,,,,
2,2028,3002,-1.0,-1.0,-1.0,metadata,,,,,8x8,0.99,0.5,5,500,2026,3000,-1,exact,fixed,perturbation_seed,bellman_backup_only,support_restricted_tv_l1,exact_support_restricted_l1,0.0,0.01,0.02479062138240462,0.009477180761461493,0.39508662988538
2,2028,3002,-1.0,-1.0,-1.0,metadata,,,,,8x8,0.99,0.5,5,500,2026,3000,-1,exact,fixed,perturbation_seed,bellman_backup_only,support_restricted_tv_l1,exact_support_restricted_l1,1.0,0.015,0.034995550422487476,0.013777244363235089,0.27988010312795775
2,2028,3002,-1.0,-1.0,-1.0,metadata,,,,,8x8,0.99,0.5,5,500,2026,3000,-1,exact,fixed,perturbation_seed,bellman_backup_only,support_restricted_tv_l1,exact_support_restricted_l1,2.0,0.02,0.048113213109924335,0.019239111570142263,0.20357473412255023
2,2028,3002,-1.0,-1.0,-1.0,metadata,,,,,8x8,0.99,0.5,5,500,2026,3000,-1,exact,fixed,perturbation_seed,bellman_backup_only,support_restricted_tv_l1,exact_support_restricted_l1,3.0,0.03,0.08064247485842796,0.030100718630553226,0.12145853286411207
3,2029,3003,0.0,0.0,0.0,Maximum-based,0.4144751059434044,0.9996014477320394,0.4146403617999878,0.09375,8x8,0.99,0.5,5,500,2026,3000,-1,exact,fixed,perturbation_seed,bellman_backup_only,support_restricted_tv_l1,exact_support_restricted_l1,,,,,
3,2029,3003,0.0,0.0,0.0,Similarity-aware,0.4144751059434044,0.9996014477320394,0.4146403617999878,0.109375,8x8,0.99,0.5,5,500,2026,3000,-1,exact,fixed,perturbation_seed,bellman_backup_only,support_restricted_tv_l1,exact_support_restricted_l1,,,,,
3,2029,3003,0.002,0.002,0.002,Maximum-based,0.4144956961647513,0.9996511057567852,0.4146403617999878,0.234375,8x8,0.99,0.5,5,500,2026,3000,-1,exact,fixed,perturbation_seed,bellman_backup_only,support_restricted_tv_l1,exact_support_restricted_l1,,,,,
3,2029,3003,0.002,0.002,0.002,Similarity-aware,0.4144956961647513,0.9996511057567852,0.4146403617999878,0.203125,8x8,0.99,0.5,5,500,2026,3000,-1,exact,fixed,perturbation_seed,bellman_backup_only,support_restricted_tv_l1,exact_support_restricted_l1,,,,,
3,2029,3003,0.004,0.004,0.004,Maximum-based,0.41213073523614197,0.9939474619572698,0.4146403617999878,0.25,8x8,0.99,0.5,5,500,2026,3000,-1,exact,fixed,perturbation_seed,bellman_backup_only,support_restricted_tv_l1,exact_support_restricted_l1,,,,,
3,2029,3003,0.004,0.004,0.004,Similarity-aware,0.4071187979464435,0.9818600296871907,0.4146403617999878,0.21875,8x8,0.99,0.5,5,500,2026,3000,-1,exact,fixed,perturbation_seed,bellman_backup_only,support_restricted_tv_l1,exact_support_restricted_l1,,,,,
3,2029,3003,0.006,0.006,0.006,Maximum-based,0.4033922099232465,0.9728725109443949,0.4146403617999878,0.296875,8x8,0.99,0.5,5,500,2026,3000,-1,exact,fixed,perturbation_seed,bellman_backup_only,support_restricted_tv_l1,exact_support_restricted_l1,,,,,
3,2029,3003,0.006,0.006,0.006,Similarity-aware,0.40711879794644346,0.9818600296871905,0.4146403617999878,0.234375,8x8,0.99,0.5,5,500,2026,3000,-1,exact,fixed,perturbation_seed,bellman_backup_only,support_restricted_tv_l1,exact_support_restricted_l1,,,,,
3,2029,3003,0.008,0.008,0.008,Maximum-based,0.4033922099232465,0.9728725109443949,0.4146403617999878,0.296875,8x8,0.99,0.5,5,500,2026,3000,-1,exact,fixed,perturbation_seed,bellman_backup_only,support_restricted_tv_l1,exact_support_restricted_l1,,,,,
3,2029,3003,0.008,0.008,0.008,Similarity-aware,0.4044378143288124,0.9753942249449973,0.4146403617999878,0.25,8x8,0.99,0.5,5,500,2026,3000,-1,exact,fixed,perturbation_seed,bellman_backup_only,support_restricted_tv_l1,exact_support_restricted_l1,,,,,
3,2029,3003,-1.0,-1.0,-1.0,metadata,,,,,8x8,0.99,0.5,5,500,2026,3000,-1,exact,fixed,perturbation_seed,bellman_backup_only,support_restricted_tv_l1,exact_support_restricted_l1,0.0,0.01,0.02596058747191765,0.009086973721561701,0.38214510580919414
3,2029,3003,-1.0,-1.0,-1.0,metadata,,,,,8x8,0.99,0.5,5,500,2026,3000,-1,exact,fixed,perturbation_seed,bellman_backup_only,support_restricted_tv_l1,exact_support_restricted_l1,1.0,0.015,0.036018785029260425,0.014672050884129673,0.2754345586285784
3,2029,3003,-1.0,-1.0,-1.0,metadata,,,,,8x8,0.99,0.5,5,500,2026,3000,-1,exact,fixed,perturbation_seed,bellman_backup_only,support_restricted_tv_l1,exact_support_restricted_l1,2.0,0.02,0.046431941983560654,0.02020562475844698,0.2136649793791471
3,2029,3003,-1.0,-1.0,-1.0,metadata,,,,,8x8,0.99,0.5,5,500,2026,3000,-1,exact,fixed,perturbation_seed,bellman_backup_only,support_restricted_tv_l1,exact_support_restricted_l1,3.0,0.03,0.07705283205436192,0.02838570993289047,0.12875535618308032
4,2030,3004,0.0,0.0,0.0,Maximum-based,0.4146403617999878,1.0,0.4146403617999878,0.0625,8x8,0.99,0.5,5,500,2026,3000,-1,exact,fixed,perturbation_seed,bellman_backup_only,support_restricted_tv_l1,exact_support_restricted_l1,,,,,
4,2030,3004,0.0,0.0,0.0,Similarity-aware,0.4146187118521112,0.9999477862025234,0.4146403617999878,0.078125,8x8,0.99,0.5,5,500,2026,3000,-1,exact,fixed,perturbation_seed,bellman_backup_only,support_restricted_tv_l1,exact_support_restricted_l1,,,,,
4,2030,3004,0.002,0.002,0.002,Maximum-based,0.41463513333570295,0.9999873903633931,0.4146403617999878,0.171875,8x8,0.99,0.5,5,500,2026,3000,-1,exact,fixed,perturbation_seed,bellman_backup_only,support_restricted_tv_l1,exact_support_restricted_l1,,,,,
4,2030,3004,0.002,0.002,0.002,Similarity-aware,0.41463513333570295,0.9999873903633931,0.4146403617999878,0.171875,8x8,0.99,0.5,5,500,2026,3000,-1,exact,fixed,perturbation_seed,bellman_backup_only,support_restricted_tv_l1,exact_support_restricted_l1,,,,,
4,2030,3004,0.004,0.004,0.004,Maximum-based,0.414635133335703,0.9999873903633932,0.4146403617999878,0.1875,8x8,0.99,0.5,5,500,2026,3000,-1,exact,fixed,perturbation_seed,bellman_backup_only,support_restricted_tv_l1,exact_support_restricted_l1,,,,,
4,2030,3004,0.004,0.004,0.004,Similarity-aware,0.41463513333570334,0.999987390363394,0.4146403617999878,0.203125,8x8,0.99,0.5,5,500,2026,3000,-1,exact,fixed,perturbation_seed,bellman_backup_only,support_restricted_tv_l1,exact_support_restricted_l1,,,,,
4,2030,3004,0.006,0.006,0.006,Maximum-based,0.414635133335703,0.9999873903633932,0.4146403617999878,0.1875,8x8,0.99,0.5,5,500,2026,3000,-1,exact,fixed,perturbation_seed,bellman_backup_only,support_restricted_tv_l1,exact_support_restricted_l1,,,,,
4,2030,3004,0.006,0.006,0.006,Similarity-aware,0.41463513333570334,0.999987390363394,0.4146403617999878,0.203125,8x8,0.99,0.5,5,500,2026,3000,-1,exact,fixed,perturbation_seed,bellman_backup_only,support_restricted_tv_l1,exact_support_restricted_l1,,,,,
4,2030,3004,0.008,0.008,0.008,Maximum-based,0.41438918040062017,0.9993942186470288,0.4146403617999878,0.203125,8x8,0.99,0.5,5,500,2026,3000,-1,exact,fixed,perturbation_seed,bellman_backup_only,support_restricted_tv_l1,exact_support_restricted_l1,,,,,
4,2030,3004,0.008,0.008,0.008,Similarity-aware,0.41463513333570334,0.999987390363394,0.4146403617999878,0.203125,8x8,0.99,0.5,5,500,2026,3000,-1,exact,fixed,perturbation_seed,bellman_backup_only,support_restricted_tv_l1,exact_support_restricted_l1,,,,,
4,2030,3004,-1.0,-1.0,-1.0,metadata,,,,,8x8,0.99,0.5,5,500,2026,3000,-1,exact,fixed,perturbation_seed,bellman_backup_only,support_restricted_tv_l1,exact_support_restricted_l1,0.0,0.01,0.025840484106803785,0.009515708803321206,0.3869470800610985
4,2030,3004,-1.0,-1.0,-1.0,metadata,,,,,8x8,0.99,0.5,5,500,2026,3000,-1,exact,fixed,perturbation_seed,bellman_backup_only,support_restricted_tv_l1,exact_support_restricted_l1,1.0,0.015,0.03780542034169976,0.01372266290404444,0.2644864742336895
4,2030,3004,-1.0,-1.0,-1.0,metadata,,,,,8x8,0.99,0.5,5,500,2026,3000,-1,exact,fixed,perturbation_seed,bellman_backup_only,support_restricted_tv_l1,exact_support_restricted_l1,2.0,0.02,0.048317535600364725,0.018064682858056798,0.20694515459399662
4,2030,3004,-1.0,-1.0,-1.0,metadata,,,,,8x8,0.99,0.5,5,500,2026,3000,-1,exact,fixed,perturbation_seed,bellman_backup_only,support_restricted_tv_l1,exact_support_restricted_l1,3.0,0.03,0.07060481598370366,0.02758744059148991,0.1416212911112155
5,2031,3005,0.0,0.0,0.0,Maximum-based,0.4146403617999878,1.0,0.4146403617999878,0.09375,8x8,0.99,0.5,5,500,2026,3000,-1,exact,fixed,perturbation_seed,bellman_backup_only,support_restricted_tv_l1,exact_support_restricted_l1,,,,,
5,2031,3005,0.0,0.0,0.0,Similarity-aware,0.4146403617999878,1.0,0.4146403617999878,0.078125,8x8,0.99,0.5,5,500,2026,3000,-1,exact,fixed,perturbation_seed,bellman_backup_only,support_restricted_tv_l1,exact_support_restricted_l1,,,,,
5,2031,3005,0.002,0.002,0.002,Maximum-based,0.4144956961647513,0.9996511057567852,0.4146403617999878,0.265625,8x8,0.99,0.5,5,500,2026,3000,-1,exact,fixed,perturbation_seed,bellman_backup_only,support_restricted_tv_l1,exact_support_restricted_l1,,,,,
5,2031,3005,0.002,0.002,0.002,Similarity-aware,0.411992889653611,0.9936150158299016,0.4146403617999878,0.296875,8x8,0.99,0.5,5,500,2026,3000,-1,exact,fixed,perturbation_seed,bellman_backup_only,support_restricted_tv_l1,exact_support_restricted_l1,,,,,
5,2031,3005,0.004,0.004,0.004,Maximum-based,0.4144956961647513,0.9996511057567852,0.4146403617999878,0.265625,8x8,0.99,0.5,5,500,2026,3000,-1,exact,fixed,perturbation_seed,bellman_backup_only,support_restricted_tv_l1,exact_support_restricted_l1,,,,,
5,2031,3005,0.004,0.004,0.004,Similarity-aware,0.4119877434858474,0.9936026046701648,0.4146403617999878,0.296875,8x8,0.99,0.5,5,500,2026,3000,-1,exact,fixed,perturbation_seed,bellman_backup_only,support_restricted_tv_l1,exact_support_restricted_l1,,,,,
5,2031,3005,0.006,0.006,0.006,Maximum-based,0.4030731015784077,0.9721029082374767,0.4146403617999878,0.28125,8x8,0.99,0.5,5,500,2026,3000,-1,exact,fixed,perturbation_seed,bellman_backup_only,support_restricted_tv_l1,exact_support_restricted_l1,,,,,
5,2031,3005,0.006,0.006,0.006,Similarity-aware,0.4118442731101538,0.9932565930685185,0.4146403617999878,0.3125,8x8,0.99,0.5,5,500,2026,3000,-1,exact,fixed,perturbation_seed,bellman_backup_only,support_restricted_tv_l1,exact_support_restricted_l1,,,,,
5,2031,3005,0.008,0.008,0.008,Maximum-based,0.39830490577381095,0.9606033142666978,0.4146403617999878,0.3125,8x8,0.99,0.5,5,500,2026,3000,-1,exact,fixed,perturbation_seed,bellman_backup_only,support_restricted_tv_l1,exact_support_restricted_l1,,,,,
5,2031,3005,0.008,0.008,0.008,Similarity-aware,0.4075524877653971,0.9829059718069373,0.4146403617999878,0.328125,8x8,0.99,0.5,5,500,2026,3000,-1,exact,fixed,perturbation_seed,bellman_backup_only,support_restricted_tv_l1,exact_support_restricted_l1,,,,,
5,2031,3005,-1.0,-1.0,-1.0,metadata,,,,,8x8,0.99,0.5,5,500,2026,3000,-1,exact,fixed,perturbation_seed,bellman_backup_only,support_restricted_tv_l1,exact_support_restricted_l1,0.0,0.01,0.023628791112506264,0.009445901900548153,0.407235966982074
5,2031,3005,-1.0,-1.0,-1.0,metadata,,,,,8x8,0.99,0.5,5,500,2026,3000,-1,exact,fixed,perturbation_seed,bellman_backup_only,support_restricted_tv_l1,exact_support_restricted_l1,1.0,0.015,0.03664606920465552,0.014365671704318926,0.26258309442282624
5,2031,3005,-1.0,-1.0,-1.0,metadata,,,,,8x8,0.99,0.5,5,500,2026,3000,-1,exact,fixed,perturbation_seed,bellman_backup_only,support_restricted_tv_l1,exact_support_restricted_l1,2.0,0.02,0.048886360903915016,0.01869448475146826,0.1968382145274543
5,2031,3005,-1.0,-1.0,-1.0,metadata,,,,,8x8,0.99,0.5,5,500,2026,3000,-1,exact,fixed,perturbation_seed,bellman_backup_only,support_restricted_tv_l1,exact_support_restricted_l1,3.0,0.03,0.07216567351421554,0.02907558782359643,0.13334272406764555
6,2032,3006,0.0,0.0,0.0,Maximum-based,0.4146187118521112,0.9999477862025234,0.4146403617999878,0.109375,8x8,0.99,0.5,5,500,2026,3000,-1,exact,fixed,perturbation_seed,bellman_backup_only,support_restricted_tv_l1,exact_support_restricted_l1,,,,,
6,2032,3006,0.0,0.0,0.0,Similarity-aware,0.4146187118521112,0.9999477862025234,0.4146403617999878,0.078125,8x8,0.99,0.5,5,500,2026,3000,-1,exact,fixed,perturbation_seed,bellman_backup_only,support_restricted_tv_l1,exact_support_restricted_l1,,,,,
6,2032,3006,0.002,0.002,0.002,Maximum-based,0.4146403617999878,1.0,0.4146403617999878,0.21875,8x8,0.99,0.5,5,500,2026,3000,-1,exact,fixed,perturbation_seed,bellman_backup_only,support_restricted_tv_l1,exact_support_restricted_l1,,,,,
6,2032,3006,0.002,0.002,0.002,Similarity-aware,0.41199288965361125,0.9936150158299022,0.4146403617999878,0.265625,8x8,0.99,0.5,5,500,2026,3000,-1,exact,fixed,perturbation_seed,bellman_backup_only,support_restricted_tv_l1,exact_support_restricted_l1,,,,,
6,2032,3006,0.004,0.004,0.004,Maximum-based,0.41198774348584744,0.9936026046701649,0.4146403617999878,0.21875,8x8,0.99,0.5,5,500,2026,3000,-1,exact,fixed,perturbation_seed,bellman_backup_only,support_restricted_tv_l1,exact_support_restricted_l1,,,,,
6,2032,3006,0.004,0.004,0.004,Similarity-aware,0.41198774348584744,0.9936026046701649,0.4146403617999878,0.265625,8x8,0.99,0.5,5,500,2026,3000,-1,exact,fixed,perturbation_seed,bellman_backup_only,support_restricted_tv_l1,exact_support_restricted_l1,,,,,
6,2032,3006,0.006,0.006,0.006,Maximum-based,0.41198774348584744,0.9936026046701649,0.4146403617999878,0.21875,8x8,0.99,0.5,5,500,2026,3000,-1,exact,fixed,perturbation_seed,bellman_backup_only,support_restricted_tv_l1,exact_support_restricted_l1,,,,,
6,2032,3006,0.006,0.006,0.006,Similarity-aware,0.40767912538327356,0.9832113873659213,0.4146403617999878,0.265625,8x8,0.99,0.5,5,500,2026,3000,-1,exact,fixed,perturbation_seed,bellman_backup_only,support_restricted_tv_l1,exact_support_restricted_l1,,,,,
6,2032,3006,0.008,0.008,0.008,Maximum-based,0.3997849293659508,0.9641727294237629,0.4146403617999878,0.25,8x8,0.99,0.5,5,500,2026,3000,-1,exact,fixed,perturbation_seed,bellman_backup_only,support_restricted_tv_l1,exact_support_restricted_l1,,,,,
6,2032,3006,0.008,0.008,0.008,Similarity-aware,0.4076791253832738,0.9832113873659218,0.4146403617999878,0.25,8x8,0.99,0.5,5,500,2026,3000,-1,exact,fixed,perturbation_seed,bellman_backup_only,support_restricted_tv_l1,exact_support_restricted_l1,,,,,
6,2032,3006,-1.0,-1.0,-1.0,metadata,,,,,8x8,0.99,0.5,5,500,2026,3000,-1,exact,fixed,perturbation_seed,bellman_backup_only,support_restricted_tv_l1,exact_support_restricted_l1,0.0,0.01,0.025066804101986417,0.009780654404727973,0.38565998626991543
6,2032,3006,-1.0,-1.0,-1.0,metadata,,,,,8x8,0.99,0.5,5,500,2026,3000,-1,exact,fixed,perturbation_seed,bellman_backup_only,support_restricted_tv_l1,exact_support_restricted_l1,1.0,0.015,0.03459165952547827,0.014214642612392345,0.2794711108773979
6,2032,3006,-1.0,-1.0,-1.0,metadata,,,,,8x8,0.99,0.5,5,500,2026,3000,-1,exact,fixed,perturbation_seed,bellman_backup_only,support_restricted_tv_l1,exact_support_restricted_l1,2.0,0.02,0.04907342130779613,0.0195029786327015,0.196999755232023
6,2032,3006,-1.0,-1.0,-1.0,metadata,,,,,8x8,0.99,0.5,5,500,2026,3000,-1,exact,fixed,perturbation_seed,bellman_backup_only,support_restricted_tv_l1,exact_support_restricted_l1,3.0,0.03,0.07012091743136623,0.028941234049615853,0.13786914762066357
7,2033,3007,0.0,0.0,0.0,Maximum-based,0.4146403617999879,1.0000000000000002,0.4146403617999878,0.0625,8x8,0.99,0.5,5,500,2026,3000,-1,exact,fixed,perturbation_seed,bellman_backup_only,support_restricted_tv_l1,exact_support_restricted_l1,,,,,
7,2033,3007,0.0,0.0,0.0,Similarity-aware,0.4146403617999878,1.0,0.4146403617999878,0.046875,8x8,0.99,0.5,5,500,2026,3000,-1,exact,fixed,perturbation_seed,bellman_backup_only,support_restricted_tv_l1,exact_support_restricted_l1,,,,,
7,2033,3007,0.002,0.002,0.002,Maximum-based,0.4146403617999878,1.0,0.4146403617999878,0.171875,8x8,0.99,0.5,5,500,2026,3000,-1,exact,fixed,perturbation_seed,bellman_backup_only,support_restricted_tv_l1,exact_support_restricted_l1,,,,,
7,2033,3007,0.002,0.002,0.002,Similarity-aware,0.4146403617999878,1.0,0.4146403617999878,0.109375,8x8,0.99,0.5,5,500,2026,3000,-1,exact,fixed,perturbation_seed,bellman_backup_only,support_restricted_tv_l1,exact_support_restricted_l1,,,,,
7,2033,3007,0.004,0.004,0.004,Maximum-based,0.41463513333570334,0.999987390363394,0.4146403617999878,0.203125,8x8,0.99,0.5,5,500,2026,3000,-1,exact,fixed,perturbation_seed,bellman_backup_only,support_restricted_tv_l1,exact_support_restricted_l1,,,,,
7,2033,3007,0.004,0.004,0.004,Similarity-aware,0.41463513333570295,0.9999873903633931,0.4146403617999878,0.125,8x8,0.99,0.5,5,500,2026,3000,-1,exact,fixed,perturbation_seed,bellman_backup_only,support_restricted_tv_l1,exact_support_restricted_l1,,,,,
7,2033,3007,0.006,0.006,0.006,Maximum-based,0.41449066071425145,0.9996389616170348,0.4146403617999878,0.21875,8x8,0.99,0.5,5,500,2026,3000,-1,exact,fixed,perturbation_seed,bellman_backup_only,support_restricted_tv_l1,exact_support_restricted_l1,,,,,
7,2033,3007,0.006,0.006,0.006,Similarity-aware,0.41212566445301696,0.9939352326048184,0.4146403617999878,0.15625,8x8,0.99,0.5,5,500,2026,3000,-1,exact,fixed,perturbation_seed,bellman_backup_only,support_restricted_tv_l1,exact_support_restricted_l1,,,,,
7,2033,3007,0.008,0.008,0.008,Maximum-based,0.40310904965026,0.9721896052288074,0.4146403617999878,0.25,8x8,0.99,0.5,5,500,2026,3000,-1,exact,fixed,perturbation_seed,bellman_backup_only,support_restricted_tv_l1,exact_support_restricted_l1,,,,,
7,2033,3007,0.008,0.008,0.008,Similarity-aware,0.41212566445301696,0.9939352326048184,0.4146403617999878,0.15625,8x8,0.99,0.5,5,500,2026,3000,-1,exact,fixed,perturbation_seed,bellman_backup_only,support_restricted_tv_l1,exact_support_restricted_l1,,,,,
7,2033,3007,-1.0,-1.0,-1.0,metadata,,,,,8x8,0.99,0.5,5,500,2026,3000,-1,exact,fixed,perturbation_seed,bellman_backup_only,support_restricted_tv_l1,exact_support_restricted_l1,0.0,0.01,0.02498903395802976,0.009747973246549234,0.39134230250575125
7,2033,3007,-1.0,-1.0,-1.0,metadata,,,,,8x8,0.99,0.5,5,500,2026,3000,-1,exact,fixed,perturbation_seed,bellman_backup_only,support_restricted_tv_l1,exact_support_restricted_l1,1.0,0.015,0.034460588843514106,0.013859793763876003,0.2837842872898437
7,2033,3007,-1.0,-1.0,-1.0,metadata,,,,,8x8,0.99,0.5,5,500,2026,3000,-1,exact,fixed,perturbation_seed,bellman_backup_only,support_restricted_tv_l1,exact_support_restricted_l1,2.0,0.02,0.04990550909978397,0.019751175024509647,0.19595955728497572
7,2033,3007,-1.0,-1.0,-1.0,metadata,,,,,8x8,0.99,0.5,5,500,2026,3000,-1,exact,fixed,perturbation_seed,bellman_backup_only,support_restricted_tv_l1,exact_support_restricted_l1,3.0,0.03,0.07586095903200979,0.029597490992730787,0.12891385291942928
8,2034,3008,0.0,0.0,0.0,Maximum-based,0.414640361799988,1.0000000000000004,0.4146403617999878,0.09375,8x8,0.99,0.5,5,500,2026,3000,-1,exact,fixed,perturbation_seed,bellman_backup_only,support_restricted_tv_l1,exact_support_restricted_l1,,,,,
8,2034,3008,0.0,0.0,0.0,Similarity-aware,0.4146403617999878,1.0,0.4146403617999878,0.0625,8x8,0.99,0.5,5,500,2026,3000,-1,exact,fixed,perturbation_seed,bellman_backup_only,support_restricted_tv_l1,exact_support_restricted_l1,,,,,
8,2034,3008,0.002,0.002,0.002,Maximum-based,0.4146403617999878,1.0,0.4146403617999878,0.203125,8x8,0.99,0.5,5,500,2026,3000,-1,exact,fixed,perturbation_seed,bellman_backup_only,support_restricted_tv_l1,exact_support_restricted_l1,,,,,
8,2034,3008,0.002,0.002,0.002,Similarity-aware,0.4146403617999878,1.0,0.4146403617999878,0.21875,8x8,0.99,0.5,5,500,2026,3000,-1,exact,fixed,perturbation_seed,bellman_backup_only,support_restricted_tv_l1,exact_support_restricted_l1,,,,,
8,2034,3008,0.004,0.004,0.004,Maximum-based,0.41463513333570334,0.999987390363394,0.4146403617999878,0.21875,8x8,0.99,0.5,5,500,2026,3000,-1,exact,fixed,perturbation_seed,bellman_backup_only,support_restricted_tv_l1,exact_support_restricted_l1,,,,,
8,2034,3008,0.004,0.004,0.004,Similarity-aware,0.4119877434858474,0.9936026046701648,0.4146403617999878,0.25,8x8,0.99,0.5,5,500,2026,3000,-1,exact,fixed,perturbation_seed,bellman_backup_only,support_restricted_tv_l1,exact_support_restricted_l1,,,,,
8,2034,3008,0.006,0.006,0.006,Maximum-based,0.41463513333570334,0.999987390363394,0.4146403617999878,0.203125,8x8,0.99,0.5,5,500,2026,3000,-1,exact,fixed,perturbation_seed,bellman_backup_only,support_restricted_tv_l1,exact_support_restricted_l1,,,,,
8,2034,3008,0.006,0.006,0.006,Similarity-aware,0.4118442731101538,0.9932565930685185,0.4146403617999878,0.265625,8x8,0.99,0.5,5,500,2026,3000,-1,exact,fixed,perturbation_seed,bellman_backup_only,support_restricted_tv_l1,exact_support_restricted_l1,,,,,
8,2034,3008,0.008,0.008,0.008,Maximum-based,0.3983046291992714,0.9606026472439836,0.4146403617999878,0.234375,8x8,0.99,0.5,5,500,2026,3000,-1,exact,fixed,perturbation_seed,bellman_backup_only,support_restricted_tv_l1,exact_support_restricted_l1,,,,,
8,2034,3008,0.008,0.008,0.008,Similarity-aware,0.4118442731101538,0.9932565930685185,0.4146403617999878,0.265625,8x8,0.99,0.5,5,500,2026,3000,-1,exact,fixed,perturbation_seed,bellman_backup_only,support_restricted_tv_l1,exact_support_restricted_l1,,,,,
8,2034,3008,-1.0,-1.0,-1.0,metadata,,,,,8x8,0.99,0.5,5,500,2026,3000,-1,exact,fixed,perturbation_seed,bellman_backup_only,support_restricted_tv_l1,exact_support_restricted_l1,0.0,0.01,0.026178166011668835,0.009750713088871073,0.3771545271640919
8,2034,3008,-1.0,-1.0,-1.0,metadata,,,,,8x8,0.99,0.5,5,500,2026,3000,-1,exact,fixed,perturbation_seed,bellman_backup_only,support_restricted_tv_l1,exact_support_restricted_l1,1.0,0.015,0.03602457307022089,0.013893325844238259,0.27407172564432675
8,2034,3008,-1.0,-1.0,-1.0,metadata,,,,,8x8,0.99,0.5,5,500,2026,3000,-1,exact,fixed,perturbation_seed,bellman_backup_only,support_restricted_tv_l1,exact_support_restricted_l1,2.0,0.02,0.04842382601845763,0.018431017761294872,0.20389522875968216
8,2034,3008,-1.0,-1.0,-1.0,metadata,,,,,8x8,0.99,0.5,5,500,2026,3000,-1,exact,fixed,perturbation_seed,bellman_backup_only,support_restricted_tv_l1,exact_support_restricted_l1,3.0,0.03,0.06814982791809715,0.029162573301803538,0.14487851843189917
9,2035,3009,0.0,0.0,0.0,Maximum-based,0.4144751059434046,0.9996014477320398,0.4146403617999878,0.0625,8x8,0.99,0.5,5,500,2026,3000,-1,exact,fixed,perturbation_seed,bellman_backup_only,support_restricted_tv_l1,exact_support_restricted_l1,,,,,
9,2035,3009,0.0,0.0,0.0,Similarity-aware,0.41447510594340425,0.999601447732039,0.4146403617999878,0.109375,8x8,0.99,0.5,5,500,2026,3000,-1,exact,fixed,perturbation_seed,bellman_backup_only,support_restricted_tv_l1,exact_support_restricted_l1,,,,,
9,2035,3009,0.002,0.002,0.002,Maximum-based,0.4144956961647513,0.9996511057567852,0.4146403617999878,0.140625,8x8,0.99,0.5,5,500,2026,3000,-1,exact,fixed,perturbation_seed,bellman_backup_only,support_restricted_tv_l1,exact_support_restricted_l1,,,,,
9,2035,3009,0.002,0.002,0.002,Similarity-aware,0.4144751059434046,0.9996014477320398,0.4146403617999878,0.203125,8x8,0.99,0.5,5,500,2026,3000,-1,exact,fixed,perturbation_seed,bellman_backup_only,support_restricted_tv_l1,exact_support_restricted_l1,,,,,
9,2035,3009,0.004,0.004,0.004,Maximum-based,0.4121256644530167,0.9939352326048178,0.4146403617999878,0.15625,8x8,0.99,0.5,5,500,2026,3000,-1,exact,fixed,perturbation_seed,bellman_backup_only,support_restricted_tv_l1,exact_support_restricted_l1,,,,,
9,2035,3009,0.004,0.004,0.004,Similarity-aware,0.41449066071425145,0.9996389616170348,0.4146403617999878,0.1875,8x8,0.99,0.5,5,500,2026,3000,-1,exact,fixed,perturbation_seed,bellman_backup_only,support_restricted_tv_l1,exact_support_restricted_l1,,,,,
9,2035,3009,0.006,0.006,0.006,Maximum-based,0.4121256644530167,0.9939352326048178,0.4146403617999878,0.15625,8x8,0.99,0.5,5,500,2026,3000,-1,exact,fixed,perturbation_seed,bellman_backup_only,support_restricted_tv_l1,exact_support_restricted_l1,,,,,
9,2035,3009,0.006,0.006,0.006,Similarity-aware,0.4121256644530167,0.9939352326048178,0.4146403617999878,0.203125,8x8,0.99,0.5,5,500,2026,3000,-1,exact,fixed,perturbation_seed,bellman_backup_only,support_restricted_tv_l1,exact_support_restricted_l1,,,,,
9,2035,3009,0.008,0.008,0.008,Maximum-based,0.4121256644530167,0.9939352326048178,0.4146403617999878,0.15625,8x8,0.99,0.5,5,500,2026,3000,-1,exact,fixed,perturbation_seed,bellman_backup_only,support_restricted_tv_l1,exact_support_restricted_l1,,,,,
9,2035,3009,0.008,0.008,0.008,Similarity-aware,0.4121256644530167,0.9939352326048178,0.4146403617999878,0.203125,8x8,0.99,0.5,5,500,2026,3000,-1,exact,fixed,perturbation_seed,bellman_backup_only,support_restricted_tv_l1,exact_support_restricted_l1,,,,,
9,2035,3009,-1.0,-1.0,-1.0,metadata,,,,,8x8,0.99,0.5,5,500,2026,3000,-1,exact,fixed,perturbation_seed,bellman_backup_only,support_restricted_tv_l1,exact_support_restricted_l1,0.0,0.01,0.02335193071259517,0.009216910897870526,0.4058961704389859
9,2035,3009,-1.0,-1.0,-1.0,metadata,,,,,8x8,0.99,0.5,5,500,2026,3000,-1,exact,fixed,perturbation_seed,bellman_backup_only,support_restricted_tv_l1,exact_support_restricted_l1,1.0,0.015,0.03431631736508489,0.01470740401416642,0.2762122995783272
9,2035,3009,-1.0,-1.0,-1.0,metadata,,,,,8x8,0.99,0.5,5,500,2026,3000,-1,exact,fixed,perturbation_seed,bellman_backup_only,support_restricted_tv_l1,exact_support_restricted_l1,2.0,0.02,0.05002420197620644,0.019790913577492516,0.18948179658080755
9,2035,3009,-1.0,-1.0,-1.0,metadata,,,,,8x8,0.99,0.5,5,500,2026,3000,-1,exact,fixed,perturbation_seed,bellman_backup_only,support_restricted_tv_l1,exact_support_restricted_l1,3.0,0.03,0.07381634151805844,0.02907148524257466,0.12840973340187928
