seed,bad_source_gamma,method,normalized_performance,target_performance,oracle_performance,bad_source_weight,actual_bad_source_gamma,bad_source_mixing_coefficient,bad_source_nominal_transfer_performance,bad_source_local_gamma_max,bad_source_local_gamma_mean,penalty_type,p_norm,robust_q,sync_period,stepsize,source_index,source_type,prescribed_source_gamma,actual_source_gamma,local_gamma_max,local_gamma_mean,uniform_weight,similarity_weight
0,0.4,Uniform,0.9899426614959632,15.494828127131987,15.65224808446663,0.25,0.4,0.19999999999999996,15.392880365637316,0.4,0.3789530000264013,state_action_local,1,inf,1,0.01,,,,,,,,
0,0.4,Similarity-aware,0.9960654903483381,15.59066416330809,15.65224808446663,0.12000051999752002,0.4,0.19999999999999996,15.392880365637316,0.4,0.3789530000264013,state_action_local,1,inf,1,0.01,,,,,,,,
0,0.4,metadata,,,,,,,,,,state_action_local,1,inf,1,0.01,0.0,good,0.1,0.1000000000000001,0.1000000000000001,0.09208857446067491,0.25,0.4799984800104799
0,0.4,metadata,,,,,,,,,,state_action_local,1,inf,1,0.01,1.0,good,0.2,0.20000000000000004,0.20000000000000004,0.18868845432901962,0.25,0.24000043999544002
0,0.4,metadata,,,,,,,,,,state_action_local,1,inf,1,0.01,2.0,good,0.3,0.30000000000000004,0.30000000000000004,0.27898912624055455,0.25,0.16000055999656004
0,0.4,metadata,,,,,,,,,,state_action_local,1,inf,1,0.01,3.0,bad,0.4,0.4,0.4,0.3789530000264013,0.25,0.12000051999752002
0,0.5,Uniform,0.9899426614959632,15.494828127131987,15.65224808446663,0.25,0.5,0.24999999999999994,15.314748473031488,0.5,0.47721785976646713,state_action_local,1,inf,1,0.01,,,,,,,,
0,0.5,Similarity-aware,0.9960654903483381,15.59066416330809,15.65224808446663,0.09836113678923347,0.5,0.24999999999999994,15.314748473031488,0.5,0.47721785976646713,state_action_local,1,inf,1,0.01,,,,,,,,
0,0.5,metadata,,,,,,,,,,state_action_local,1,inf,1,0.01,0.0,good,0.1,0.1000000000000001,0.1000000000000001,0.09208857446067491,0.25,0.49180174954003986
0,0.5,metadata,,,,,,,,,,state_action_local,1,inf,1,0.01,1.0,good,0.2,0.20000000000000004,0.20000000000000004,0.18868845432901962,0.25,0.24590210426824627
0,0.5,metadata,,,,,,,,,,state_action_local,1,inf,1,0.01,2.0,good,0.3,0.30000000000000004,0.30000000000000004,0.27898912624055455,0.25,0.16393500940248043
0,0.5,metadata,,,,,,,,,,state_action_local,1,inf,1,0.01,3.0,bad,0.5,0.5,0.5,0.47721785976646713,0.25,0.09836113678923347
0,0.6,Uniform,0.9962148042291273,15.593001261212656,15.65224808446663,0.25,0.6,0.29999999999999993,15.26480914655419,0.6,0.5685186390046544,state_action_local,1,inf,1,0.01,,,,,,,,
0,0.6,Similarity-aware,0.9962148042291273,15.593001261212656,15.65224808446663,0.08333377314657281,0.6,0.29999999999999993,15.26480914655419,0.6,0.5685186390046544,state_action_local,1,inf,1,0.01,,,,,,,,
0,0.6,metadata,,,,,,,,,,state_action_local,1,inf,1,0.01,0.0,good,0.1,0.1000000000000001,0.1000000000000001,0.09208857446067491,0.25,0.499998472232446
0,0.6,metadata,,,,,,,,,,state_action_local,1,inf,1,0.01,1.0,good,0.2,0.20000000000000004,0.20000000000000004,0.18868845432901962,0.25,0.2500004861061536
0,0.6,metadata,,,,,,,,,,state_action_local,1,inf,1,0.01,2.0,good,0.3,0.30000000000000004,0.30000000000000004,0.27898912624055455,0.25,0.16666726851482774
0,0.6,metadata,,,,,,,,,,state_action_local,1,inf,1,0.01,3.0,bad,0.6,0.6,0.6,0.5685186390046544,0.25,0.08333377314657281
0,0.7,Uniform,0.9958858256375789,15.587852006683262,15.65224808446663,0.25,0.7,0.3499999999999999,15.099470027861408,0.7,0.6441543330111301,state_action_local,1,inf,1,0.01,,,,,,,,
0,0.7,Similarity-aware,0.9962148042291273,15.593001261212656,15.65224808446663,0.07228955871549197,0.7,0.3499999999999999,15.099470027861408,0.7,0.6441543330111301,state_action_local,1,inf,1,0.01,,,,,,,,
0,0.7,metadata,,,,,,,,,,state_action_local,1,inf,1,0.01,0.0,good,0.1,0.1000000000000001,0.1000000000000001,0.09208857446067491,0.25,0.5060225736782942
0,0.7,metadata,,,,,,,,,,state_action_local,1,inf,1,0.01,1.0,good,0.2,0.20000000000000004,0.20000000000000004,0.18868845432901962,0.25,0.253012551889256
0,0.7,metadata,,,,,,,,,,state_action_local,1,inf,1,0.01,2.0,good,0.3,0.30000000000000004,0.30000000000000004,0.27898912624055455,0.25,0.16867531571695793
0,0.7,metadata,,,,,,,,,,state_action_local,1,inf,1,0.01,3.0,bad,0.7,0.7,0.7,0.6441543330111301,0.25,0.07228955871549197
1,0.4,Uniform,0.9973619320616665,15.965314721297714,16.00754370912824,0.25,0.4,0.19999999999999996,15.907578950002526,0.4,0.38561547991336365,state_action_local,1,inf,1,0.01,,,,,,,,
1,0.4,Similarity-aware,0.9973619320616665,15.965314721297714,16.00754370912824,0.12000051999752002,0.4,0.19999999999999996,15.907578950002526,0.4,0.38561547991336365,state_action_local,1,inf,1,0.01,,,,,,,,
1,0.4,metadata,,,,,,,,,,state_action_local,1,inf,1,0.01,0.0,good,0.1,0.10000000000000009,0.10000000000000009,0.09476615738937315,0.25,0.4799984800104799
1,0.4,metadata,,,,,,,,,,state_action_local,1,inf,1,0.01,1.0,good,0.2,0.20000000000000004,0.20000000000000004,0.19253617104581694,0.25,0.24000043999544002
1,0.4,metadata,,,,,,,,,,state_action_local,1,inf,1,0.01,2.0,good,0.3,0.3,0.3,0.27728314930182696,0.25,0.16000055999656004
1,0.4,metadata,,,,,,,,,,state_action_local,1,inf,1,0.01,3.0,bad,0.4,0.4,0.4,0.38561547991336365,0.25,0.12000051999752002
1,0.5,Uniform,0.9947526922975835,15.92354720172656,16.00754370912824,0.25,0.5,0.24999999999999994,15.848607815348716,0.5,0.4679296740172924,state_action_local,1,inf,1,0.01,,,,,,,,
1,0.5,Similarity-aware,0.9973619320616665,15.965314721297714,16.00754370912824,0.09836113678923347,0.5,0.24999999999999994,15.848607815348716,0.5,0.4679296740172924,state_action_local,1,inf,1,0.01,,,,,,,,
1,0.5,metadata,,,,,,,,,,state_action_local,1,inf,1,0.01,0.0,good,0.1,0.10000000000000009,0.10000000000000009,0.09476615738937315,0.25,0.49180174954003986
1,0.5,metadata,,,,,,,,,,state_action_local,1,inf,1,0.01,1.0,good,0.2,0.20000000000000004,0.20000000000000004,0.19253617104581694,0.25,0.24590210426824627
1,0.5,metadata,,,,,,,,,,state_action_local,1,inf,1,0.01,2.0,good,0.3,0.3,0.3,0.27728314930182696,0.25,0.16393500940248043
1,0.5,metadata,,,,,,,,,,state_action_local,1,inf,1,0.01,3.0,bad,0.5,0.5,0.5,0.4679296740172924,0.25,0.09836113678923347
1,0.6,Uniform,0.9947540536514833,15.923568993658616,16.00754370912824,0.25,0.6000000000000001,0.29999999999999993,15.79851548350307,0.6000000000000001,0.5732830990718704,state_action_local,1,inf,1,0.01,,,,,,,,
1,0.6,Similarity-aware,0.9947540536514833,15.923568993658616,16.00754370912824,0.08333377314657281,0.6000000000000001,0.29999999999999993,15.79851548350307,0.6000000000000001,0.5732830990718704,state_action_local,1,inf,1,0.01,,,,,,,,
1,0.6,metadata,,,,,,,,,,state_action_local,1,inf,1,0.01,0.0,good,0.1,0.10000000000000009,0.10000000000000009,0.09476615738937315,0.25,0.499998472232446
1,0.6,metadata,,,,,,,,,,state_action_local,1,inf,1,0.01,1.0,good,0.2,0.20000000000000004,0.20000000000000004,0.19253617104581694,0.25,0.2500004861061536
1,0.6,metadata,,,,,,,,,,state_action_local,1,inf,1,0.01,2.0,good,0.3,0.3,0.3,0.27728314930182696,0.25,0.16666726851482774
1,0.6,metadata,,,,,,,,,,state_action_local,1,inf,1,0.01,3.0,bad,0.6,0.6000000000000001,0.6000000000000001,0.5732830990718704,0.25,0.08333377314657281
1,0.7,Uniform,0.9947526922975835,15.92354720172656,16.00754370912824,0.25,0.7,0.3499999999999999,15.720725494157096,0.7,0.6676875788106585,state_action_local,1,inf,1,0.01,,,,,,,,
1,0.7,Similarity-aware,0.9973619320616665,15.965314721297714,16.00754370912824,0.07228955871549197,0.7,0.3499999999999999,15.720725494157096,0.7,0.6676875788106585,state_action_local,1,inf,1,0.01,,,,,,,,
1,0.7,metadata,,,,,,,,,,state_action_local,1,inf,1,0.01,0.0,good,0.1,0.10000000000000009,0.10000000000000009,0.09476615738937315,0.25,0.5060225736782942
1,0.7,metadata,,,,,,,,,,state_action_local,1,inf,1,0.01,1.0,good,0.2,0.20000000000000004,0.20000000000000004,0.19253617104581694,0.25,0.253012551889256
1,0.7,metadata,,,,,,,,,,state_action_local,1,inf,1,0.01,2.0,good,0.3,0.3,0.3,0.27728314930182696,0.25,0.16867531571695793
1,0.7,metadata,,,,,,,,,,state_action_local,1,inf,1,0.01,3.0,bad,0.7,0.7,0.7,0.6676875788106585,0.25,0.07228955871549197
2,0.4,Uniform,0.9980519673709503,17.05566661955313,17.08895646434208,0.25,0.4,0.19999999999999996,17.008432883129174,0.4,0.3722305700302486,state_action_local,1,inf,1,0.01,,,,,,,,
2,0.4,Similarity-aware,0.9980519673709503,17.05566661955313,17.08895646434208,0.12000051999752002,0.4,0.19999999999999996,17.008432883129174,0.4,0.3722305700302486,state_action_local,1,inf,1,0.01,,,,,,,,
2,0.4,metadata,,,,,,,,,,state_action_local,1,inf,1,0.01,0.0,good,0.1,0.10000000000000012,0.10000000000000012,0.09396016112047718,0.25,0.4799984800104799
2,0.4,metadata,,,,,,,,,,state_action_local,1,inf,1,0.01,1.0,good,0.2,0.2,0.2,0.18973269386867253,0.25,0.24000043999544002
2,0.4,metadata,,,,,,,,,,state_action_local,1,inf,1,0.01,2.0,good,0.3,0.29999999999999993,0.29999999999999993,0.2805761589710633,0.25,0.16000055999656004
2,0.4,metadata,,,,,,,,,,state_action_local,1,inf,1,0.01,3.0,bad,0.4,0.4,0.4,0.3722305700302486,0.25,0.12000051999752002
2,0.5,Uniform,0.9980519673709503,17.05566661955313,17.08895646434208,0.25,0.5,0.24999999999999994,15.954123188008715,0.5,0.46858644026539953,state_action_local,1,inf,1,0.01,,,,,,,,
2,0.5,Similarity-aware,0.9980519673709503,17.05566661955313,17.08895646434208,0.09836113678923347,0.5,0.24999999999999994,15.954123188008715,0.5,0.46858644026539953,state_action_local,1,inf,1,0.01,,,,,,,,
2,0.5,metadata,,,,,,,,,,state_action_local,1,inf,1,0.01,0.0,good,0.1,0.10000000000000012,0.10000000000000012,0.09396016112047718,0.25,0.49180174954003986
2,0.5,metadata,,,,,,,,,,state_action_local,1,inf,1,0.01,1.0,good,0.2,0.2,0.2,0.18973269386867253,0.25,0.24590210426824627
2,0.5,metadata,,,,,,,,,,state_action_local,1,inf,1,0.01,2.0,good,0.3,0.29999999999999993,0.29999999999999993,0.2805761589710633,0.25,0.16393500940248043
2,0.5,metadata,,,,,,,,,,state_action_local,1,inf,1,0.01,3.0,bad,0.5,0.5,0.5,0.46858644026539953,0.25,0.09836113678923347
2,0.6,Uniform,0.9980519673709503,17.05566661955313,17.08895646434208,0.25,0.6,0.29999999999999993,16.7821907215125,0.6,0.5444725151438099,state_action_local,1,inf,1,0.01,,,,,,,,
2,0.6,Similarity-aware,0.9980519673709503,17.05566661955313,17.08895646434208,0.08333377314657281,0.6,0.29999999999999993,16.7821907215125,0.6,0.5444725151438099,state_action_local,1,inf,1,0.01,,,,,,,,
2,0.6,metadata,,,,,,,,,,state_action_local,1,inf,1,0.01,0.0,good,0.1,0.10000000000000012,0.10000000000000012,0.09396016112047718,0.25,0.499998472232446
2,0.6,metadata,,,,,,,,,,state_action_local,1,inf,1,0.01,1.0,good,0.2,0.2,0.2,0.18973269386867253,0.25,0.2500004861061536
2,0.6,metadata,,,,,,,,,,state_action_local,1,inf,1,0.01,2.0,good,0.3,0.29999999999999993,0.29999999999999993,0.2805761589710633,0.25,0.16666726851482774
2,0.6,metadata,,,,,,,,,,state_action_local,1,inf,1,0.01,3.0,bad,0.6,0.6,0.6,0.5444725151438099,0.25,0.08333377314657281
2,0.7,Uniform,0.9980519673709503,17.05566661955313,17.08895646434208,0.25,0.7,0.3499999999999999,15.888098709178047,0.7,0.6668597964293175,state_action_local,1,inf,1,0.01,,,,,,,,
2,0.7,Similarity-aware,0.9980519673709503,17.05566661955313,17.08895646434208,0.07228955871549197,0.7,0.3499999999999999,15.888098709178047,0.7,0.6668597964293175,state_action_local,1,inf,1,0.01,,,,,,,,
2,0.7,metadata,,,,,,,,,,state_action_local,1,inf,1,0.01,0.0,good,0.1,0.10000000000000012,0.10000000000000012,0.09396016112047718,0.25,0.5060225736782942
2,0.7,metadata,,,,,,,,,,state_action_local,1,inf,1,0.01,1.0,good,0.2,0.2,0.2,0.18973269386867253,0.25,0.253012551889256
2,0.7,metadata,,,,,,,,,,state_action_local,1,inf,1,0.01,2.0,good,0.3,0.29999999999999993,0.29999999999999993,0.2805761589710633,0.25,0.16867531571695793
2,0.7,metadata,,,,,,,,,,state_action_local,1,inf,1,0.01,3.0,bad,0.7,0.7,0.7,0.6668597964293175,0.25,0.07228955871549197
3,0.4,Uniform,1.0,16.38393860389506,16.38393860389506,0.25,0.4,0.19999999999999996,16.357435766648862,0.4,0.37433702246506756,state_action_local,1,inf,1,0.01,,,,,,,,
3,0.4,Similarity-aware,1.0,16.38393860389506,16.38393860389506,0.12000051999752002,0.4,0.19999999999999996,16.357435766648862,0.4,0.37433702246506756,state_action_local,1,inf,1,0.01,,,,,,,,
3,0.4,metadata,,,,,,,,,,state_action_local,1,inf,1,0.01,0.0,good,0.1,0.10000000000000009,0.10000000000000009,0.09190911996840406,0.25,0.4799984800104799
3,0.4,metadata,,,,,,,,,,state_action_local,1,inf,1,0.01,1.0,good,0.2,0.20000000000000004,0.20000000000000004,0.1874570563623422,0.25,0.24000043999544002
3,0.4,metadata,,,,,,,,,,state_action_local,1,inf,1,0.01,2.0,good,0.3,0.3,0.3,0.27977974534992567,0.25,0.16000055999656004
3,0.4,metadata,,,,,,,,,,state_action_local,1,inf,1,0.01,3.0,bad,0.4,0.4,0.4,0.37433702246506756,0.25,0.12000051999752002
3,0.5,Uniform,1.0,16.38393860389506,16.38393860389506,0.25,0.5,0.24999999999999994,16.356482383189523,0.5,0.4654341556450157,state_action_local,1,inf,1,0.01,,,,,,,,
3,0.5,Similarity-aware,1.0,16.38393860389506,16.38393860389506,0.09836113678923347,0.5,0.24999999999999994,16.356482383189523,0.5,0.4654341556450157,state_action_local,1,inf,1,0.01,,,,,,,,
3,0.5,metadata,,,,,,,,,,state_action_local,1,inf,1,0.01,0.0,good,0.1,0.10000000000000009,0.10000000000000009,0.09190911996840406,0.25,0.49180174954003986
3,0.5,metadata,,,,,,,,,,state_action_local,1,inf,1,0.01,1.0,good,0.2,0.20000000000000004,0.20000000000000004,0.1874570563623422,0.25,0.24590210426824627
3,0.5,metadata,,,,,,,,,,state_action_local,1,inf,1,0.01,2.0,good,0.3,0.3,0.3,0.27977974534992567,0.25,0.16393500940248043
3,0.5,metadata,,,,,,,,,,state_action_local,1,inf,1,0.01,3.0,bad,0.5,0.5,0.5,0.4654341556450157,0.25,0.09836113678923347
3,0.6,Uniform,0.9997989487198161,16.380644592064293,16.38393860389506,0.25,0.6,0.29999999999999993,16.1312766170378,0.6,0.567937843838849,state_action_local,1,inf,1,0.01,,,,,,,,
3,0.6,Similarity-aware,1.0,16.38393860389506,16.38393860389506,0.08333377314657281,0.6,0.29999999999999993,16.1312766170378,0.6,0.567937843838849,state_action_local,1,inf,1,0.01,,,,,,,,
3,0.6,metadata,,,,,,,,,,state_action_local,1,inf,1,0.01,0.0,good,0.1,0.10000000000000009,0.10000000000000009,0.09190911996840406,0.25,0.499998472232446
3,0.6,metadata,,,,,,,,,,state_action_local,1,inf,1,0.01,1.0,good,0.2,0.20000000000000004,0.20000000000000004,0.1874570563623422,0.25,0.2500004861061536
3,0.6,metadata,,,,,,,,,,state_action_local,1,inf,1,0.01,2.0,good,0.3,0.3,0.3,0.27977974534992567,0.25,0.16666726851482774
3,0.6,metadata,,,,,,,,,,state_action_local,1,inf,1,0.01,3.0,bad,0.6,0.6,0.6,0.567937843838849,0.25,0.08333377314657281
3,0.7,Uniform,1.0,16.38393860389506,16.38393860389506,0.25,0.7,0.3499999999999999,16.332146250530656,0.7,0.6523928351344888,state_action_local,1,inf,1,0.01,,,,,,,,
3,0.7,Similarity-aware,1.0,16.38393860389506,16.38393860389506,0.07228955871549197,0.7,0.3499999999999999,16.332146250530656,0.7,0.6523928351344888,state_action_local,1,inf,1,0.01,,,,,,,,
3,0.7,metadata,,,,,,,,,,state_action_local,1,inf,1,0.01,0.0,good,0.1,0.10000000000000009,0.10000000000000009,0.09190911996840406,0.25,0.5060225736782942
3,0.7,metadata,,,,,,,,,,state_action_local,1,inf,1,0.01,1.0,good,0.2,0.20000000000000004,0.20000000000000004,0.1874570563623422,0.25,0.253012551889256
3,0.7,metadata,,,,,,,,,,state_action_local,1,inf,1,0.01,2.0,good,0.3,0.3,0.3,0.27977974534992567,0.25,0.16867531571695793
3,0.7,metadata,,,,,,,,,,state_action_local,1,inf,1,0.01,3.0,bad,0.7,0.7,0.7,0.6523928351344888,0.25,0.07228955871549197
4,0.4,Uniform,0.9995846729399891,16.779444097815247,16.78641595060013,0.25,0.4,0.19999999999999996,16.61614891273102,0.4,0.38105979386726213,state_action_local,1,inf,1,0.01,,,,,,,,
4,0.4,Similarity-aware,1.0,16.78641595060013,16.78641595060013,0.12000051999752002,0.4,0.19999999999999996,16.61614891273102,0.4,0.38105979386726213,state_action_local,1,inf,1,0.01,,,,,,,,
4,0.4,metadata,,,,,,,,,,state_action_local,1,inf,1,0.01,0.0,good,0.1,0.10000000000000012,0.10000000000000012,0.09385683836445553,0.25,0.4799984800104799
4,0.4,metadata,,,,,,,,,,state_action_local,1,inf,1,0.01,1.0,good,0.2,0.20000000000000004,0.20000000000000004,0.1872784492623078,0.25,0.24000043999544002
4,0.4,metadata,,,,,,,,,,state_action_local,1,inf,1,0.01,2.0,good,0.3,0.29999999999999993,0.29999999999999993,0.2847713894326048,0.25,0.16000055999656004
4,0.4,metadata,,,,,,,,,,state_action_local,1,inf,1,0.01,3.0,bad,0.4,0.4,0.4,0.38105979386726213,0.25,0.12000051999752002
4,0.5,Uniform,0.9964306523303715,16.726499395945442,16.78641595060013,0.25,0.5000000000000001,0.24999999999999994,16.318967945803973,0.5000000000000001,0.4771008324308925,state_action_local,1,inf,1,0.01,,,,,,,,
4,0.5,Similarity-aware,0.9964306523303715,16.726499395945442,16.78641595060013,0.09836113678923347,0.5000000000000001,0.24999999999999994,16.318967945803973,0.5000000000000001,0.4771008324308925,state_action_local,1,inf,1,0.01,,,,,,,,
4,0.5,metadata,,,,,,,,,,state_action_local,1,inf,1,0.01,0.0,good,0.1,0.10000000000000012,0.10000000000000012,0.09385683836445553,0.25,0.49180174954003986
4,0.5,metadata,,,,,,,,,,state_action_local,1,inf,1,0.01,1.0,good,0.2,0.20000000000000004,0.20000000000000004,0.1872784492623078,0.25,0.24590210426824627
4,0.5,metadata,,,,,,,,,,state_action_local,1,inf,1,0.01,2.0,good,0.3,0.29999999999999993,0.29999999999999993,0.2847713894326048,0.25,0.16393500940248043
4,0.5,metadata,,,,,,,,,,state_action_local,1,inf,1,0.01,3.0,bad,0.5,0.5000000000000001,0.5000000000000001,0.4771008324308925,0.25,0.09836113678923347
4,0.6,Uniform,0.9944587000359302,16.69339738449621,16.78641595060013,0.25,0.6,0.29999999999999993,16.24476695330477,0.6,0.5631773135106892,state_action_local,1,inf,1,0.01,,,,,,,,
4,0.6,Similarity-aware,0.9964306523303715,16.726499395945442,16.78641595060013,0.08333377314657281,0.6,0.29999999999999993,16.24476695330477,0.6,0.5631773135106892,state_action_local,1,inf,1,0.01,,,,,,,,
4,0.6,metadata,,,,,,,,,,state_action_local,1,inf,1,0.01,0.0,good,0.1,0.10000000000000012,0.10000000000000012,0.09385683836445553,0.25,0.499998472232446
4,0.6,metadata,,,,,,,,,,state_action_local,1,inf,1,0.01,1.0,good,0.2,0.20000000000000004,0.20000000000000004,0.1872784492623078,0.25,0.2500004861061536
4,0.6,metadata,,,,,,,,,,state_action_local,1,inf,1,0.01,2.0,good,0.3,0.29999999999999993,0.29999999999999993,0.2847713894326048,0.25,0.16666726851482774
4,0.6,metadata,,,,,,,,,,state_action_local,1,inf,1,0.01,3.0,bad,0.6,0.6,0.6,0.5631773135106892,0.25,0.08333377314657281
4,0.7,Uniform,0.9948931005984727,16.700689413028222,16.78641595060013,0.25,0.7,0.3499999999999999,16.315285025274708,0.7,0.656021981024881,state_action_local,1,inf,1,0.01,,,,,,,,
4,0.7,Similarity-aware,0.9964306523303715,16.726499395945442,16.78641595060013,0.07228955871549197,0.7,0.3499999999999999,16.315285025274708,0.7,0.656021981024881,state_action_local,1,inf,1,0.01,,,,,,,,
4,0.7,metadata,,,,,,,,,,state_action_local,1,inf,1,0.01,0.0,good,0.1,0.10000000000000012,0.10000000000000012,0.09385683836445553,0.25,0.5060225736782942
4,0.7,metadata,,,,,,,,,,state_action_local,1,inf,1,0.01,1.0,good,0.2,0.20000000000000004,0.20000000000000004,0.1872784492623078,0.25,0.253012551889256
4,0.7,metadata,,,,,,,,,,state_action_local,1,inf,1,0.01,2.0,good,0.3,0.29999999999999993,0.29999999999999993,0.2847713894326048,0.25,0.16867531571695793
4,0.7,metadata,,,,,,,,,,state_action_local,1,inf,1,0.01,3.0,bad,0.7,0.7,0.7,0.656021981024881,0.25,0.07228955871549197
5,0.4,Uniform,0.9989519973758693,16.975649740446258,16.993458929997953,0.25,0.4,0.19999999999999996,16.86533884449291,0.4,0.373451279991334,state_action_local,1,inf,1,0.01,,,,,,,,
5,0.4,Similarity-aware,0.9989519973758693,16.975649740446258,16.993458929997953,0.12000051999752002,0.4,0.19999999999999996,16.86533884449291,0.4,0.373451279991334,state_action_local,1,inf,1,0.01,,,,,,,,
5,0.4,metadata,,,,,,,,,,state_action_local,1,inf,1,0.01,0.0,good,0.1,0.10000000000000012,0.10000000000000012,0.09382263065935244,0.25,0.4799984800104799
5,0.4,metadata,,,,,,,,,,state_action_local,1,inf,1,0.01,1.0,good,0.2,0.20000000000000004,0.20000000000000004,0.18877093572133566,0.25,0.24000043999544002
5,0.4,metadata,,,,,,,,,,state_action_local,1,inf,1,0.01,2.0,good,0.3,0.29999999999999993,0.29999999999999993,0.2860554498168586,0.25,0.16000055999656004
5,0.4,metadata,,,,,,,,,,state_action_local,1,inf,1,0.01,3.0,bad,0.4,0.4,0.4,0.373451279991334,0.25,0.12000051999752002
5,0.5,Uniform,0.9989519973758693,16.975649740446258,16.993458929997953,0.25,0.5000000000000001,0.24999999999999994,16.763447462650756,0.5000000000000001,0.47335485879888467,state_action_local,1,inf,1,0.01,,,,,,,,
5,0.5,Similarity-aware,0.9989519973758693,16.975649740446258,16.993458929997953,0.09836113678923347,0.5000000000000001,0.24999999999999994,16.763447462650756,0.5000000000000001,0.47335485879888467,state_action_local,1,inf,1,0.01,,,,,,,,
5,0.5,metadata,,,,,,,,,,state_action_local,1,inf,1,0.01,0.0,good,0.1,0.10000000000000012,0.10000000000000012,0.09382263065935244,0.25,0.49180174954003986
5,0.5,metadata,,,,,,,,,,state_action_local,1,inf,1,0.01,1.0,good,0.2,0.20000000000000004,0.20000000000000004,0.18877093572133566,0.25,0.24590210426824627
5,0.5,metadata,,,,,,,,,,state_action_local,1,inf,1,0.01,2.0,good,0.3,0.29999999999999993,0.29999999999999993,0.2860554498168586,0.25,0.16393500940248043
5,0.5,metadata,,,,,,,,,,state_action_local,1,inf,1,0.01,3.0,bad,0.5,0.5000000000000001,0.5000000000000001,0.47335485879888467,0.25,0.09836113678923347
5,0.6,Uniform,0.9989519973758693,16.975649740446258,16.993458929997953,0.25,0.6,0.29999999999999993,16.656364822650122,0.6,0.5530441745683703,state_action_local,1,inf,1,0.01,,,,,,,,
5,0.6,Similarity-aware,0.9989519973758693,16.975649740446258,16.993458929997953,0.08333377314657281,0.6,0.29999999999999993,16.656364822650122,0.6,0.5530441745683703,state_action_local,1,inf,1,0.01,,,,,,,,
5,0.6,metadata,,,,,,,,,,state_action_local,1,inf,1,0.01,0.0,good,0.1,0.10000000000000012,0.10000000000000012,0.09382263065935244,0.25,0.499998472232446
5,0.6,metadata,,,,,,,,,,state_action_local,1,inf,1,0.01,1.0,good,0.2,0.20000000000000004,0.20000000000000004,0.18877093572133566,0.25,0.2500004861061536
5,0.6,metadata,,,,,,,,,,state_action_local,1,inf,1,0.01,2.0,good,0.3,0.29999999999999993,0.29999999999999993,0.2860554498168586,0.25,0.16666726851482774
5,0.6,metadata,,,,,,,,,,state_action_local,1,inf,1,0.01,3.0,bad,0.6,0.6,0.6,0.5530441745683703,0.25,0.08333377314657281
5,0.7,Uniform,0.9940472951342901,16.892301884340114,16.993458929997953,0.25,0.7,0.3499999999999999,16.578706465619753,0.7,0.6567932757128042,state_action_local,1,inf,1,0.01,,,,,,,,
5,0.7,Similarity-aware,0.9989519973758693,16.975649740446258,16.993458929997953,0.07228955871549197,0.7,0.3499999999999999,16.578706465619753,0.7,0.6567932757128042,state_action_local,1,inf,1,0.01,,,,,,,,
5,0.7,metadata,,,,,,,,,,state_action_local,1,inf,1,0.01,0.0,good,0.1,0.10000000000000012,0.10000000000000012,0.09382263065935244,0.25,0.5060225736782942
5,0.7,metadata,,,,,,,,,,state_action_local,1,inf,1,0.01,1.0,good,0.2,0.20000000000000004,0.20000000000000004,0.18877093572133566,0.25,0.253012551889256
5,0.7,metadata,,,,,,,,,,state_action_local,1,inf,1,0.01,2.0,good,0.3,0.29999999999999993,0.29999999999999993,0.2860554498168586,0.25,0.16867531571695793
5,0.7,metadata,,,,,,,,,,state_action_local,1,inf,1,0.01,3.0,bad,0.7,0.7,0.7,0.6567932757128042,0.25,0.07228955871549197
6,0.4,Uniform,0.9974760386414406,15.709025537959496,15.74877483709297,0.25,0.4,0.19999999999999996,15.523334779657164,0.4,0.3811013878710761,state_action_local,1,inf,1,0.01,,,,,,,,
6,0.4,Similarity-aware,0.9974760386414406,15.709025537959496,15.74877483709297,0.12000051999752002,0.4,0.19999999999999996,15.523334779657164,0.4,0.3811013878710761,state_action_local,1,inf,1,0.01,,,,,,,,
6,0.4,metadata,,,,,,,,,,state_action_local,1,inf,1,0.01,0.0,good,0.1,0.1000000000000001,0.1000000000000001,0.09381259661675999,0.25,0.4799984800104799
6,0.4,metadata,,,,,,,,,,state_action_local,1,inf,1,0.01,1.0,good,0.2,0.2,0.2,0.18643127368957113,0.25,0.24000043999544002
6,0.4,metadata,,,,,,,,,,state_action_local,1,inf,1,0.01,2.0,good,0.3,0.29999999999999993,0.29999999999999993,0.2745328473814595,0.25,0.16000055999656004
6,0.4,metadata,,,,,,,,,,state_action_local,1,inf,1,0.01,3.0,bad,0.4,0.4,0.4,0.3811013878710761,0.25,0.12000051999752002
6,0.5,Uniform,0.9897669557816628,15.587616927800362,15.74877483709297,0.25,0.5,0.24999999999999994,15.32340833452549,0.5,0.46596051259415155,state_action_local,1,inf,1,0.01,,,,,,,,
6,0.5,Similarity-aware,0.9977716884923052,15.713681660891382,15.74877483709297,0.09836113678923347,0.5,0.24999999999999994,15.32340833452549,0.5,0.46596051259415155,state_action_local,1,inf,1,0.01,,,,,,,,
6,0.5,metadata,,,,,,,,,,state_action_local,1,inf,1,0.01,0.0,good,0.1,0.1000000000000001,0.1000000000000001,0.09381259661675999,0.25,0.49180174954003986
6,0.5,metadata,,,,,,,,,,state_action_local,1,inf,1,0.01,1.0,good,0.2,0.2,0.2,0.18643127368957113,0.25,0.24590210426824627
6,0.5,metadata,,,,,,,,,,state_action_local,1,inf,1,0.01,2.0,good,0.3,0.29999999999999993,0.29999999999999993,0.2745328473814595,0.25,0.16393500940248043
6,0.5,metadata,,,,,,,,,,state_action_local,1,inf,1,0.01,3.0,bad,0.5,0.5,0.5,0.46596051259415155,0.25,0.09836113678923347
6,0.6,Uniform,0.9986239792739596,15.727104196507387,15.74877483709297,0.25,0.6,0.29999999999999993,15.341944250021818,0.6,0.5582803251256612,state_action_local,1,inf,1,0.01,,,,,,,,
6,0.6,Similarity-aware,0.9986239792739596,15.727104196507387,15.74877483709297,0.08333377314657281,0.6,0.29999999999999993,15.341944250021818,0.6,0.5582803251256612,state_action_local,1,inf,1,0.01,,,,,,,,
6,0.6,metadata,,,,,,,,,,state_action_local,1,inf,1,0.01,0.0,good,0.1,0.1000000000000001,0.1000000000000001,0.09381259661675999,0.25,0.499998472232446
6,0.6,metadata,,,,,,,,,,state_action_local,1,inf,1,0.01,1.0,good,0.2,0.2,0.2,0.18643127368957113,0.25,0.2500004861061536
6,0.6,metadata,,,,,,,,,,state_action_local,1,inf,1,0.01,2.0,good,0.3,0.29999999999999993,0.29999999999999993,0.2745328473814595,0.25,0.16666726851482774
6,0.6,metadata,,,,,,,,,,state_action_local,1,inf,1,0.01,3.0,bad,0.6,0.6,0.6,0.5582803251256612,0.25,0.08333377314657281
6,0.7,Uniform,0.9965314755284516,15.694149826173607,15.74877483709297,0.25,0.7,0.3499999999999999,15.019108972791786,0.7,0.6679370011310451,state_action_local,1,inf,1,0.01,,,,,,,,
6,0.7,Similarity-aware,0.9965314755284516,15.694149826173607,15.74877483709297,0.07228955871549197,0.7,0.3499999999999999,15.019108972791786,0.7,0.6679370011310451,state_action_local,1,inf,1,0.01,,,,,,,,
6,0.7,metadata,,,,,,,,,,state_action_local,1,inf,1,0.01,0.0,good,0.1,0.1000000000000001,0.1000000000000001,0.09381259661675999,0.25,0.5060225736782942
6,0.7,metadata,,,,,,,,,,state_action_local,1,inf,1,0.01,1.0,good,0.2,0.2,0.2,0.18643127368957113,0.25,0.253012551889256
6,0.7,metadata,,,,,,,,,,state_action_local,1,inf,1,0.01,2.0,good,0.3,0.29999999999999993,0.29999999999999993,0.2745328473814595,0.25,0.16867531571695793
6,0.7,metadata,,,,,,,,,,state_action_local,1,inf,1,0.01,3.0,bad,0.7,0.7,0.7,0.6679370011310451,0.25,0.07228955871549197
7,0.4,Uniform,0.99504675006566,15.922918248287006,16.002181050524815,0.25,0.39999999999999997,0.19999999999999996,15.883711790896353,0.39999999999999997,0.37611476157271045,state_action_local,1,inf,1,0.01,,,,,,,,
7,0.4,Similarity-aware,0.99504675006566,15.922918248287006,16.002181050524815,0.12000051999752002,0.39999999999999997,0.19999999999999996,15.883711790896353,0.39999999999999997,0.37611476157271045,state_action_local,1,inf,1,0.01,,,,,,,,
7,0.4,metadata,,,,,,,,,,state_action_local,1,inf,1,0.01,0.0,good,0.1,0.1000000000000001,0.1000000000000001,0.09360277128093039,0.25,0.4799984800104799
7,0.4,metadata,,,,,,,,,,state_action_local,1,inf,1,0.01,1.0,good,0.2,0.20000000000000004,0.20000000000000004,0.18836734946442035,0.25,0.24000043999544002
7,0.4,metadata,,,,,,,,,,state_action_local,1,inf,1,0.01,2.0,good,0.3,0.3000000000000001,0.3000000000000001,0.27925928201670636,0.25,0.16000055999656004
7,0.4,metadata,,,,,,,,,,state_action_local,1,inf,1,0.01,3.0,bad,0.4,0.39999999999999997,0.39999999999999997,0.37611476157271045,0.25,0.12000051999752002
7,0.5,Uniform,0.99504675006566,15.922918248287006,16.002181050524815,0.25,0.5,0.24999999999999994,15.634962830411878,0.5,0.46820159290489677,state_action_local,1,inf,1,0.01,,,,,,,,
7,0.5,Similarity-aware,0.99504675006566,15.922918248287006,16.002181050524815,0.09836113678923347,0.5,0.24999999999999994,15.634962830411878,0.5,0.46820159290489677,state_action_local,1,inf,1,0.01,,,,,,,,
7,0.5,metadata,,,,,,,,,,state_action_local,1,inf,1,0.01,0.0,good,0.1,0.1000000000000001,0.1000000000000001,0.09360277128093039,0.25,0.49180174954003986
7,0.5,metadata,,,,,,,,,,state_action_local,1,inf,1,0.01,1.0,good,0.2,0.20000000000000004,0.20000000000000004,0.18836734946442035,0.25,0.24590210426824627
7,0.5,metadata,,,,,,,,,,state_action_local,1,inf,1,0.01,2.0,good,0.3,0.3000000000000001,0.3000000000000001,0.27925928201670636,0.25,0.16393500940248043
7,0.5,metadata,,,,,,,,,,state_action_local,1,inf,1,0.01,3.0,bad,0.5,0.5,0.5,0.46820159290489677,0.25,0.09836113678923347
7,0.6,Uniform,0.99504675006566,15.922918248287006,16.002181050524815,0.25,0.6,0.29999999999999993,15.60705813651746,0.6,0.5617193239089845,state_action_local,1,inf,1,0.01,,,,,,,,
7,0.6,Similarity-aware,0.99504675006566,15.922918248287006,16.002181050524815,0.08333377314657281,0.6,0.29999999999999993,15.60705813651746,0.6,0.5617193239089845,state_action_local,1,inf,1,0.01,,,,,,,,
7,0.6,metadata,,,,,,,,,,state_action_local,1,inf,1,0.01,0.0,good,0.1,0.1000000000000001,0.1000000000000001,0.09360277128093039,0.25,0.499998472232446
7,0.6,metadata,,,,,,,,,,state_action_local,1,inf,1,0.01,1.0,good,0.2,0.20000000000000004,0.20000000000000004,0.18836734946442035,0.25,0.2500004861061536
7,0.6,metadata,,,,,,,,,,state_action_local,1,inf,1,0.01,2.0,good,0.3,0.3000000000000001,0.3000000000000001,0.27925928201670636,0.25,0.16666726851482774
7,0.6,metadata,,,,,,,,,,state_action_local,1,inf,1,0.01,3.0,bad,0.6,0.6,0.6,0.5617193239089845,0.25,0.08333377314657281
7,0.7,Uniform,0.9938234147510951,15.903342215097839,16.002181050524815,0.25,0.7,0.3499999999999999,15.579041398239074,0.7,0.6616288239604806,state_action_local,1,inf,1,0.01,,,,,,,,
7,0.7,Similarity-aware,0.99504675006566,15.922918248287006,16.002181050524815,0.07228955871549197,0.7,0.3499999999999999,15.579041398239074,0.7,0.6616288239604806,state_action_local,1,inf,1,0.01,,,,,,,,
7,0.7,metadata,,,,,,,,,,state_action_local,1,inf,1,0.01,0.0,good,0.1,0.1000000000000001,0.1000000000000001,0.09360277128093039,0.25,0.5060225736782942
7,0.7,metadata,,,,,,,,,,state_action_local,1,inf,1,0.01,1.0,good,0.2,0.20000000000000004,0.20000000000000004,0.18836734946442035,0.25,0.253012551889256
7,0.7,metadata,,,,,,,,,,state_action_local,1,inf,1,0.01,2.0,good,0.3,0.3000000000000001,0.3000000000000001,0.27925928201670636,0.25,0.16867531571695793
7,0.7,metadata,,,,,,,,,,state_action_local,1,inf,1,0.01,3.0,bad,0.7,0.7,0.7,0.6616288239604806,0.25,0.07228955871549197
8,0.4,Uniform,0.9930220137978543,15.578211697058377,15.687680112426566,0.25,0.4,0.19999999999999996,15.524940176947023,0.4,0.3741110389873229,state_action_local,1,inf,1,0.01,,,,,,,,
8,0.4,Similarity-aware,0.9930220137978543,15.578211697058377,15.687680112426566,0.12000051999752002,0.4,0.19999999999999996,15.524940176947023,0.4,0.3741110389873229,state_action_local,1,inf,1,0.01,,,,,,,,
8,0.4,metadata,,,,,,,,,,state_action_local,1,inf,1,0.01,0.0,good,0.1,0.1000000000000001,0.1000000000000001,0.09601163598404727,0.25,0.4799984800104799
8,0.4,metadata,,,,,,,,,,state_action_local,1,inf,1,0.01,1.0,good,0.2,0.20000000000000004,0.20000000000000004,0.18691275055311482,0.25,0.24000043999544002
8,0.4,metadata,,,,,,,,,,state_action_local,1,inf,1,0.01,2.0,good,0.3,0.3,0.3,0.2841500784606725,0.25,0.16000055999656004
8,0.4,metadata,,,,,,,,,,state_action_local,1,inf,1,0.01,3.0,bad,0.4,0.4,0.4,0.3741110389873229,0.25,0.12000051999752002
8,0.5,Uniform,0.995259098201381,15.613306361565405,15.687680112426566,0.25,0.5,0.24999999999999994,15.378216297292678,0.5,0.4666163061832929,state_action_local,1,inf,1,0.01,,,,,,,,
8,0.5,Similarity-aware,0.99996584565057,15.68714430991826,15.687680112426566,0.09836113678923347,0.5,0.24999999999999994,15.378216297292678,0.5,0.4666163061832929,state_action_local,1,inf,1,0.01,,,,,,,,
8,0.5,metadata,,,,,,,,,,state_action_local,1,inf,1,0.01,0.0,good,0.1,0.1000000000000001,0.1000000000000001,0.09601163598404727,0.25,0.49180174954003986
8,0.5,metadata,,,,,,,,,,state_action_local,1,inf,1,0.01,1.0,good,0.2,0.20000000000000004,0.20000000000000004,0.18691275055311482,0.25,0.24590210426824627
8,0.5,metadata,,,,,,,,,,state_action_local,1,inf,1,0.01,2.0,good,0.3,0.3,0.3,0.2841500784606725,0.25,0.16393500940248043
8,0.5,metadata,,,,,,,,,,state_action_local,1,inf,1,0.01,3.0,bad,0.5,0.5,0.5,0.4666163061832929,0.25,0.09836113678923347
8,0.6,Uniform,0.9930220137978543,15.578211697058377,15.687680112426566,0.25,0.6,0.29999999999999993,15.393036852474483,0.6,0.5576462624878611,state_action_local,1,inf,1,0.01,,,,,,,,
8,0.6,Similarity-aware,0.9992863041765524,15.676483880650744,15.687680112426566,0.08333377314657281,0.6,0.29999999999999993,15.393036852474483,0.6,0.5576462624878611,state_action_local,1,inf,1,0.01,,,,,,,,
8,0.6,metadata,,,,,,,,,,state_action_local,1,inf,1,0.01,0.0,good,0.1,0.1000000000000001,0.1000000000000001,0.09601163598404727,0.25,0.499998472232446
8,0.6,metadata,,,,,,,,,,state_action_local,1,inf,1,0.01,1.0,good,0.2,0.20000000000000004,0.20000000000000004,0.18691275055311482,0.25,0.2500004861061536
8,0.6,metadata,,,,,,,,,,state_action_local,1,inf,1,0.01,2.0,good,0.3,0.3,0.3,0.2841500784606725,0.25,0.16666726851482774
8,0.6,metadata,,,,,,,,,,state_action_local,1,inf,1,0.01,3.0,bad,0.6,0.6,0.6,0.5576462624878611,0.25,0.08333377314657281
8,0.7,Uniform,0.9928676737484319,15.575790459734502,15.687680112426566,0.25,0.7,0.3499999999999999,15.1980070501132,0.7,0.6585709612593733,state_action_local,1,inf,1,0.01,,,,,,,,
8,0.7,Similarity-aware,0.99996584565057,15.68714430991826,15.687680112426566,0.07228955871549197,0.7,0.3499999999999999,15.1980070501132,0.7,0.6585709612593733,state_action_local,1,inf,1,0.01,,,,,,,,
8,0.7,metadata,,,,,,,,,,state_action_local,1,inf,1,0.01,0.0,good,0.1,0.1000000000000001,0.1000000000000001,0.09601163598404727,0.25,0.5060225736782942
8,0.7,metadata,,,,,,,,,,state_action_local,1,inf,1,0.01,1.0,good,0.2,0.20000000000000004,0.20000000000000004,0.18691275055311482,0.25,0.253012551889256
8,0.7,metadata,,,,,,,,,,state_action_local,1,inf,1,0.01,2.0,good,0.3,0.3,0.3,0.2841500784606725,0.25,0.16867531571695793
8,0.7,metadata,,,,,,,,,,state_action_local,1,inf,1,0.01,3.0,bad,0.7,0.7,0.7,0.6585709612593733,0.25,0.07228955871549197
9,0.4,Uniform,0.986119787098698,16.238123113270692,16.46668419568531,0.25,0.4,0.19999999999999996,16.206711741597143,0.4,0.3810742260528444,state_action_local,1,inf,1,0.01,,,,,,,,
9,0.4,Similarity-aware,0.986119787098698,16.238123113270692,16.46668419568531,0.12000051999752002,0.4,0.19999999999999996,16.206711741597143,0.4,0.3810742260528444,state_action_local,1,inf,1,0.01,,,,,,,,
9,0.4,metadata,,,,,,,,,,state_action_local,1,inf,1,0.01,0.0,good,0.1,0.1000000000000001,0.1000000000000001,0.09501833715412548,0.25,0.4799984800104799
9,0.4,metadata,,,,,,,,,,state_action_local,1,inf,1,0.01,1.0,good,0.2,0.2,0.2,0.1901774722581207,0.25,0.24000043999544002
9,0.4,metadata,,,,,,,,,,state_action_local,1,inf,1,0.01,2.0,good,0.3,0.29999999999999993,0.29999999999999993,0.2823563887714368,0.25,0.16000055999656004
9,0.4,metadata,,,,,,,,,,state_action_local,1,inf,1,0.01,3.0,bad,0.4,0.4,0.4,0.3810742260528444,0.25,0.12000051999752002
9,0.5,Uniform,0.986119787098698,16.238123113270692,16.46668419568531,0.25,0.5,0.24999999999999994,16.115644938176178,0.5,0.4619054735750094,state_action_local,1,inf,1,0.01,,,,,,,,
9,0.5,Similarity-aware,0.986119787098698,16.238123113270692,16.46668419568531,0.09836113678923347,0.5,0.24999999999999994,16.115644938176178,0.5,0.4619054735750094,state_action_local,1,inf,1,0.01,,,,,,,,
9,0.5,metadata,,,,,,,,,,state_action_local,1,inf,1,0.01,0.0,good,0.1,0.1000000000000001,0.1000000000000001,0.09501833715412548,0.25,0.49180174954003986
9,0.5,metadata,,,,,,,,,,state_action_local,1,inf,1,0.01,1.0,good,0.2,0.2,0.2,0.1901774722581207,0.25,0.24590210426824627
9,0.5,metadata,,,,,,,,,,state_action_local,1,inf,1,0.01,2.0,good,0.3,0.29999999999999993,0.29999999999999993,0.2823563887714368,0.25,0.16393500940248043
9,0.5,metadata,,,,,,,,,,state_action_local,1,inf,1,0.01,3.0,bad,0.5,0.5,0.5,0.4619054735750094,0.25,0.09836113678923347
9,0.6,Uniform,0.986119787098698,16.238123113270692,16.46668419568531,0.25,0.6000000000000001,0.29999999999999993,16.094252045724634,0.6000000000000001,0.5499335593562475,state_action_local,1,inf,1,0.01,,,,,,,,
9,0.6,Similarity-aware,0.986119787098698,16.238123113270692,16.46668419568531,0.08333377314657281,0.6000000000000001,0.29999999999999993,16.094252045724634,0.6000000000000001,0.5499335593562475,state_action_local,1,inf,1,0.01,,,,,,,,
9,0.6,metadata,,,,,,,,,,state_action_local,1,inf,1,0.01,0.0,good,0.1,0.1000000000000001,0.1000000000000001,0.09501833715412548,0.25,0.499998472232446
9,0.6,metadata,,,,,,,,,,state_action_local,1,inf,1,0.01,1.0,good,0.2,0.2,0.2,0.1901774722581207,0.25,0.2500004861061536
9,0.6,metadata,,,,,,,,,,state_action_local,1,inf,1,0.01,2.0,good,0.3,0.29999999999999993,0.29999999999999993,0.2823563887714368,0.25,0.16666726851482774
9,0.6,metadata,,,,,,,,,,state_action_local,1,inf,1,0.01,3.0,bad,0.6,0.6000000000000001,0.6000000000000001,0.5499335593562475,0.25,0.08333377314657281
9,0.7,Uniform,0.986119787098698,16.238123113270692,16.46668419568531,0.25,0.7,0.3499999999999999,16.020993572564628,0.7,0.6549306077343178,state_action_local,1,inf,1,0.01,,,,,,,,
9,0.7,Similarity-aware,0.986119787098698,16.238123113270692,16.46668419568531,0.07228955871549197,0.7,0.3499999999999999,16.020993572564628,0.7,0.6549306077343178,state_action_local,1,inf,1,0.01,,,,,,,,
9,0.7,metadata,,,,,,,,,,state_action_local,1,inf,1,0.01,0.0,good,0.1,0.1000000000000001,0.1000000000000001,0.09501833715412548,0.25,0.5060225736782942
9,0.7,metadata,,,,,,,,,,state_action_local,1,inf,1,0.01,1.0,good,0.2,0.2,0.2,0.1901774722581207,0.25,0.253012551889256
9,0.7,metadata,,,,,,,,,,state_action_local,1,inf,1,0.01,2.0,good,0.3,0.29999999999999993,0.29999999999999993,0.2823563887714368,0.25,0.16867531571695793
9,0.7,metadata,,,,,,,,,,state_action_local,1,inf,1,0.01,3.0,bad,0.7,0.7,0.7,0.6549306077343178,0.25,0.07228955871549197
10,0.4,Uniform,0.9988140262265802,17.325177525395993,17.34574912894324,0.25,0.4000000000000001,0.19999999999999996,17.325177525395993,0.4000000000000001,0.37177705019562607,state_action_local,1,inf,1,0.01,,,,,,,,
10,0.4,Similarity-aware,0.9989677936727607,17.32784473694164,17.34574912894324,0.12000051999752002,0.4000000000000001,0.19999999999999996,17.325177525395993,0.4000000000000001,0.37177705019562607,state_action_local,1,inf,1,0.01,,,,,,,,
10,0.4,metadata,,,,,,,,,,state_action_local,1,inf,1,0.01,0.0,good,0.1,0.1000000000000001,0.1000000000000001,0.09597174172744166,0.25,0.4799984800104799
10,0.4,metadata,,,,,,,,,,state_action_local,1,inf,1,0.01,1.0,good,0.2,0.20000000000000004,0.20000000000000004,0.18898830056097016,0.25,0.24000043999544002
10,0.4,metadata,,,,,,,,,,state_action_local,1,inf,1,0.01,2.0,good,0.3,0.3,0.3,0.2772938707144422,0.25,0.16000055999656004
10,0.4,metadata,,,,,,,,,,state_action_local,1,inf,1,0.01,3.0,bad,0.4,0.4000000000000001,0.4000000000000001,0.37177705019562607,0.25,0.12000051999752002
10,0.5,Uniform,0.9988140262265802,17.325177525395993,17.34574912894324,0.25,0.5000000000000001,0.24999999999999994,17.298327085042832,0.5000000000000001,0.4788014391249247,state_action_local,1,inf,1,0.01,,,,,,,,
10,0.5,Similarity-aware,0.9999215732865028,17.34438875884591,17.34574912894324,0.09836113678923347,0.5000000000000001,0.24999999999999994,17.298327085042832,0.5000000000000001,0.4788014391249247,state_action_local,1,inf,1,0.01,,,,,,,,
10,0.5,metadata,,,,,,,,,,state_action_local,1,inf,1,0.01,0.0,good,0.1,0.1000000000000001,0.1000000000000001,0.09597174172744166,0.25,0.49180174954003986
10,0.5,metadata,,,,,,,,,,state_action_local,1,inf,1,0.01,1.0,good,0.2,0.20000000000000004,0.20000000000000004,0.18898830056097016,0.25,0.24590210426824627
10,0.5,metadata,,,,,,,,,,state_action_local,1,inf,1,0.01,2.0,good,0.3,0.3,0.3,0.2772938707144422,0.25,0.16393500940248043
10,0.5,metadata,,,,,,,,,,state_action_local,1,inf,1,0.01,3.0,bad,0.5,0.5000000000000001,0.5000000000000001,0.4788014391249247,0.25,0.09836113678923347
10,0.6,Uniform,0.9989677936727607,17.32784473694164,17.34574912894324,0.25,0.6,0.29999999999999993,17.253799847682977,0.6,0.556630095528089,state_action_local,1,inf,1,0.01,,,,,,,,
10,0.6,Similarity-aware,0.9999215732865028,17.34438875884591,17.34574912894324,0.08333377314657281,0.6,0.29999999999999993,17.253799847682977,0.6,0.556630095528089,state_action_local,1,inf,1,0.01,,,,,,,,
10,0.6,metadata,,,,,,,,,,state_action_local,1,inf,1,0.01,0.0,good,0.1,0.1000000000000001,0.1000000000000001,0.09597174172744166,0.25,0.499998472232446
10,0.6,metadata,,,,,,,,,,state_action_local,1,inf,1,0.01,1.0,good,0.2,0.20000000000000004,0.20000000000000004,0.18898830056097016,0.25,0.2500004861061536
10,0.6,metadata,,,,,,,,,,state_action_local,1,inf,1,0.01,2.0,good,0.3,0.3,0.3,0.2772938707144422,0.25,0.16666726851482774
10,0.6,metadata,,,,,,,,,,state_action_local,1,inf,1,0.01,3.0,bad,0.6,0.6,0.6,0.556630095528089,0.25,0.08333377314657281
10,0.7,Uniform,0.9999215732865028,17.34438875884591,17.34574912894324,0.25,0.7,0.3499999999999999,17.29391378564615,0.7,0.6560645168928871,state_action_local,1,inf,1,0.01,,,,,,,,
10,0.7,Similarity-aware,0.9999215732865028,17.34438875884591,17.34574912894324,0.07228955871549197,0.7,0.3499999999999999,17.29391378564615,0.7,0.6560645168928871,state_action_local,1,inf,1,0.01,,,,,,,,
10,0.7,metadata,,,,,,,,,,state_action_local,1,inf,1,0.01,0.0,good,0.1,0.1000000000000001,0.1000000000000001,0.09597174172744166,0.25,0.5060225736782942
10,0.7,metadata,,,,,,,,,,state_action_local,1,inf,1,0.01,1.0,good,0.2,0.20000000000000004,0.20000000000000004,0.18898830056097016,0.25,0.253012551889256
10,0.7,metadata,,,,,,,,,,state_action_local,1,inf,1,0.01,2.0,good,0.3,0.3,0.3,0.2772938707144422,0.25,0.16867531571695793
10,0.7,metadata,,,,,,,,,,state_action_local,1,inf,1,0.01,3.0,bad,0.7,0.7,0.7,0.6560645168928871,0.25,0.07228955871549197
11,0.4,Uniform,0.9949109165143203,16.11699198877904,16.199432251929725,0.25,0.4,0.19999999999999996,15.982330278527446,0.4,0.37967248447731344,state_action_local,1,inf,1,0.01,,,,,,,,
11,0.4,Similarity-aware,0.9949109165143203,16.11699198877904,16.199432251929725,0.12000051999752002,0.4,0.19999999999999996,15.982330278527446,0.4,0.37967248447731344,state_action_local,1,inf,1,0.01,,,,,,,,
11,0.4,metadata,,,,,,,,,,state_action_local,1,inf,1,0.01,0.0,good,0.1,0.1000000000000001,0.1000000000000001,0.09200995427853362,0.25,0.4799984800104799
11,0.4,metadata,,,,,,,,,,state_action_local,1,inf,1,0.01,1.0,good,0.2,0.20000000000000004,0.20000000000000004,0.19335264711683836,0.25,0.24000043999544002
11,0.4,metadata,,,,,,,,,,state_action_local,1,inf,1,0.01,2.0,good,0.3,0.3,0.3,0.28636934348721194,0.25,0.16000055999656004
11,0.4,metadata,,,,,,,,,,state_action_local,1,inf,1,0.01,3.0,bad,0.4,0.4,0.4,0.37967248447731344,0.25,0.12000051999752002
11,0.5,Uniform,0.9933024426295074,16.090935625053017,16.199432251929725,0.25,0.5,0.24999999999999994,15.907407687146588,0.5,0.47198308592191757,state_action_local,1,inf,1,0.01,,,,,,,,
11,0.5,Similarity-aware,0.9933024426295074,16.090935625053017,16.199432251929725,0.09836113678923347,0.5,0.24999999999999994,15.907407687146588,0.5,0.47198308592191757,state_action_local,1,inf,1,0.01,,,,,,,,
11,0.5,metadata,,,,,,,,,,state_action_local,1,inf,1,0.01,0.0,good,0.1,0.1000000000000001,0.1000000000000001,0.09200995427853362,0.25,0.49180174954003986
11,0.5,metadata,,,,,,,,,,state_action_local,1,inf,1,0.01,1.0,good,0.2,0.20000000000000004,0.20000000000000004,0.19335264711683836,0.25,0.24590210426824627
11,0.5,metadata,,,,,,,,,,state_action_local,1,inf,1,0.01,2.0,good,0.3,0.3,0.3,0.28636934348721194,0.25,0.16393500940248043
11,0.5,metadata,,,,,,,,,,state_action_local,1,inf,1,0.01,3.0,bad,0.5,0.5,0.5,0.47198308592191757,0.25,0.09836113678923347
11,0.6,Uniform,0.9985430112611434,16.175829861562793,16.199432251929725,0.25,0.6,0.29999999999999993,15.630169169282475,0.6,0.5598441686770095,state_action_local,1,inf,1,0.01,,,,,,,,
11,0.6,Similarity-aware,0.9933024426295074,16.090935625053017,16.199432251929725,0.08333377314657281,0.6,0.29999999999999993,15.630169169282475,0.6,0.5598441686770095,state_action_local,1,inf,1,0.01,,,,,,,,
11,0.6,metadata,,,,,,,,,,state_action_local,1,inf,1,0.01,0.0,good,0.1,0.1000000000000001,0.1000000000000001,0.09200995427853362,0.25,0.499998472232446
11,0.6,metadata,,,,,,,,,,state_action_local,1,inf,1,0.01,1.0,good,0.2,0.20000000000000004,0.20000000000000004,0.19335264711683836,0.25,0.2500004861061536
11,0.6,metadata,,,,,,,,,,state_action_local,1,inf,1,0.01,2.0,good,0.3,0.3,0.3,0.28636934348721194,0.25,0.16666726851482774
11,0.6,metadata,,,,,,,,,,state_action_local,1,inf,1,0.01,3.0,bad,0.6,0.6,0.6,0.5598441686770095,0.25,0.08333377314657281
11,0.7,Uniform,0.9949109165143203,16.11699198877904,16.199432251929725,0.25,0.7,0.3499999999999999,15.629912539559454,0.7,0.6554644779861517,state_action_local,1,inf,1,0.01,,,,,,,,
11,0.7,Similarity-aware,0.9949109165143203,16.11699198877904,16.199432251929725,0.07228955871549197,0.7,0.3499999999999999,15.629912539559454,0.7,0.6554644779861517,state_action_local,1,inf,1,0.01,,,,,,,,
11,0.7,metadata,,,,,,,,,,state_action_local,1,inf,1,0.01,0.0,good,0.1,0.1000000000000001,0.1000000000000001,0.09200995427853362,0.25,0.5060225736782942
11,0.7,metadata,,,,,,,,,,state_action_local,1,inf,1,0.01,1.0,good,0.2,0.20000000000000004,0.20000000000000004,0.19335264711683836,0.25,0.253012551889256
11,0.7,metadata,,,,,,,,,,state_action_local,1,inf,1,0.01,2.0,good,0.3,0.3,0.3,0.28636934348721194,0.25,0.16867531571695793
11,0.7,metadata,,,,,,,,,,state_action_local,1,inf,1,0.01,3.0,bad,0.7,0.7,0.7,0.6554644779861517,0.25,0.07228955871549197
12,0.4,Uniform,1.0,16.42030928837066,16.42030928837066,0.25,0.4,0.19999999999999996,16.345835893302798,0.4,0.3696698282328935,state_action_local,1,inf,1,0.01,,,,,,,,
12,0.4,Similarity-aware,1.0,16.42030928837066,16.42030928837066,0.12000051999752002,0.4,0.19999999999999996,16.345835893302798,0.4,0.3696698282328935,state_action_local,1,inf,1,0.01,,,,,,,,
12,0.4,metadata,,,,,,,,,,state_action_local,1,inf,1,0.01,0.0,good,0.1,0.10000000000000012,0.10000000000000012,0.095027934204968,0.25,0.4799984800104799
12,0.4,metadata,,,,,,,,,,state_action_local,1,inf,1,0.01,1.0,good,0.2,0.2,0.2,0.19035586387281628,0.25,0.24000043999544002
12,0.4,metadata,,,,,,,,,,state_action_local,1,inf,1,0.01,2.0,good,0.3,0.29999999999999993,0.29999999999999993,0.28370930152076673,0.25,0.16000055999656004
12,0.4,metadata,,,,,,,,,,state_action_local,1,inf,1,0.01,3.0,bad,0.4,0.4,0.4,0.3696698282328935,0.25,0.12000051999752002
12,0.5,Uniform,1.0,16.42030928837066,16.42030928837066,0.25,0.5,0.24999999999999994,16.339404964563006,0.5,0.4783357029027267,state_action_local,1,inf,1,0.01,,,,,,,,
12,0.5,Similarity-aware,1.0,16.42030928837066,16.42030928837066,0.09836113678923347,0.5,0.24999999999999994,16.339404964563006,0.5,0.4783357029027267,state_action_local,1,inf,1,0.01,,,,,,,,
12,0.5,metadata,,,,,,,,,,state_action_local,1,inf,1,0.01,0.0,good,0.1,0.10000000000000012,0.10000000000000012,0.095027934204968,0.25,0.49180174954003986
12,0.5,metadata,,,,,,,,,,state_action_local,1,inf,1,0.01,1.0,good,0.2,0.2,0.2,0.19035586387281628,0.25,0.24590210426824627
12,0.5,metadata,,,,,,,,,,state_action_local,1,inf,1,0.01,2.0,good,0.3,0.29999999999999993,0.29999999999999993,0.28370930152076673,0.25,0.16393500940248043
12,0.5,metadata,,,,,,,,,,state_action_local,1,inf,1,0.01,3.0,bad,0.5,0.5,0.5,0.4783357029027267,0.25,0.09836113678923347
12,0.6,Uniform,0.9996682336613195,16.414861582478057,16.42030928837066,0.25,0.6,0.29999999999999993,16.119441886513847,0.6,0.5640369055058997,state_action_local,1,inf,1,0.01,,,,,,,,
12,0.6,Similarity-aware,1.0,16.42030928837066,16.42030928837066,0.08333377314657281,0.6,0.29999999999999993,16.119441886513847,0.6,0.5640369055058997,state_action_local,1,inf,1,0.01,,,,,,,,
12,0.6,metadata,,,,,,,,,,state_action_local,1,inf,1,0.01,0.0,good,0.1,0.10000000000000012,0.10000000000000012,0.095027934204968,0.25,0.499998472232446
12,0.6,metadata,,,,,,,,,,state_action_local,1,inf,1,0.01,1.0,good,0.2,0.2,0.2,0.19035586387281628,0.25,0.2500004861061536
12,0.6,metadata,,,,,,,,,,state_action_local,1,inf,1,0.01,2.0,good,0.3,0.29999999999999993,0.29999999999999993,0.28370930152076673,0.25,0.16666726851482774
12,0.6,metadata,,,,,,,,,,state_action_local,1,inf,1,0.01,3.0,bad,0.6,0.6,0.6,0.5640369055058997,0.25,0.08333377314657281
12,0.7,Uniform,0.9991406921406367,16.406199187545987,16.42030928837066,0.25,0.7,0.3499999999999999,16.291273521057047,0.7,0.6527401646308173,state_action_local,1,inf,1,0.01,,,,,,,,
12,0.7,Similarity-aware,1.0,16.42030928837066,16.42030928837066,0.07228955871549197,0.7,0.3499999999999999,16.291273521057047,0.7,0.6527401646308173,state_action_local,1,inf,1,0.01,,,,,,,,
12,0.7,metadata,,,,,,,,,,state_action_local,1,inf,1,0.01,0.0,good,0.1,0.10000000000000012,0.10000000000000012,0.095027934204968,0.25,0.5060225736782942
12,0.7,metadata,,,,,,,,,,state_action_local,1,inf,1,0.01,1.0,good,0.2,0.2,0.2,0.19035586387281628,0.25,0.253012551889256
12,0.7,metadata,,,,,,,,,,state_action_local,1,inf,1,0.01,2.0,good,0.3,0.29999999999999993,0.29999999999999993,0.28370930152076673,0.25,0.16867531571695793
12,0.7,metadata,,,,,,,,,,state_action_local,1,inf,1,0.01,3.0,bad,0.7,0.7,0.7,0.6527401646308173,0.25,0.07228955871549197
13,0.4,Uniform,1.0,15.950672635865848,15.950672635865848,0.25,0.4,0.19999999999999996,15.901249312807787,0.4,0.3687518724273687,state_action_local,1,inf,1,0.01,,,,,,,,
13,0.4,Similarity-aware,1.0,15.950672635865848,15.950672635865848,0.12000051999752002,0.4,0.19999999999999996,15.901249312807787,0.4,0.3687518724273687,state_action_local,1,inf,1,0.01,,,,,,,,
13,0.4,metadata,,,,,,,,,,state_action_local,1,inf,1,0.01,0.0,good,0.1,0.1000000000000001,0.1000000000000001,0.09297952604167688,0.25,0.4799984800104799
13,0.4,metadata,,,,,,,,,,state_action_local,1,inf,1,0.01,1.0,good,0.2,0.2,0.2,0.1872362567936171,0.25,0.24000043999544002
13,0.4,metadata,,,,,,,,,,state_action_local,1,inf,1,0.01,2.0,good,0.3,0.3000000000000001,0.3000000000000001,0.2826264431752255,0.25,0.16000055999656004
13,0.4,metadata,,,,,,,,,,state_action_local,1,inf,1,0.01,3.0,bad,0.4,0.4,0.4,0.3687518724273687,0.25,0.12000051999752002
13,0.5,Uniform,1.0,15.950672635865848,15.950672635865848,0.25,0.5,0.24999999999999994,15.678526035903547,0.5,0.4691261614199701,state_action_local,1,inf,1,0.01,,,,,,,,
13,0.5,Similarity-aware,1.0,15.950672635865848,15.950672635865848,0.09836113678923347,0.5,0.24999999999999994,15.678526035903547,0.5,0.4691261614199701,state_action_local,1,inf,1,0.01,,,,,,,,
13,0.5,metadata,,,,,,,,,,state_action_local,1,inf,1,0.01,0.0,good,0.1,0.1000000000000001,0.1000000000000001,0.09297952604167688,0.25,0.49180174954003986
13,0.5,metadata,,,,,,,,,,state_action_local,1,inf,1,0.01,1.0,good,0.2,0.2,0.2,0.1872362567936171,0.25,0.24590210426824627
13,0.5,metadata,,,,,,,,,,state_action_local,1,inf,1,0.01,2.0,good,0.3,0.3000000000000001,0.3000000000000001,0.2826264431752255,0.25,0.16393500940248043
13,0.5,metadata,,,,,,,,,,state_action_local,1,inf,1,0.01,3.0,bad,0.5,0.5,0.5,0.4691261614199701,0.25,0.09836113678923347
13,0.6,Uniform,1.0,15.950672635865848,15.950672635865848,0.25,0.6000000000000001,0.29999999999999993,15.698991951636739,0.6000000000000001,0.5659280680399807,state_action_local,1,inf,1,0.01,,,,,,,,
13,0.6,Similarity-aware,1.0,15.950672635865848,15.950672635865848,0.08333377314657281,0.6000000000000001,0.29999999999999993,15.698991951636739,0.6000000000000001,0.5659280680399807,state_action_local,1,inf,1,0.01,,,,,,,,
13,0.6,metadata,,,,,,,,,,state_action_local,1,inf,1,0.01,0.0,good,0.1,0.1000000000000001,0.1000000000000001,0.09297952604167688,0.25,0.499998472232446
13,0.6,metadata,,,,,,,,,,state_action_local,1,inf,1,0.01,1.0,good,0.2,0.2,0.2,0.1872362567936171,0.25,0.2500004861061536
13,0.6,metadata,,,,,,,,,,state_action_local,1,inf,1,0.01,2.0,good,0.3,0.3000000000000001,0.3000000000000001,0.2826264431752255,0.25,0.16666726851482774
13,0.6,metadata,,,,,,,,,,state_action_local,1,inf,1,0.01,3.0,bad,0.6,0.6000000000000001,0.6000000000000001,0.5659280680399807,0.25,0.08333377314657281
13,0.7,Uniform,0.998664444608565,15.929369629030003,15.950672635865848,0.25,0.7,0.3499999999999999,15.575725149277726,0.7,0.6397378148289327,state_action_local,1,inf,1,0.01,,,,,,,,
13,0.7,Similarity-aware,1.0,15.950672635865848,15.950672635865848,0.07228955871549197,0.7,0.3499999999999999,15.575725149277726,0.7,0.6397378148289327,state_action_local,1,inf,1,0.01,,,,,,,,
13,0.7,metadata,,,,,,,,,,state_action_local,1,inf,1,0.01,0.0,good,0.1,0.1000000000000001,0.1000000000000001,0.09297952604167688,0.25,0.5060225736782942
13,0.7,metadata,,,,,,,,,,state_action_local,1,inf,1,0.01,1.0,good,0.2,0.2,0.2,0.1872362567936171,0.25,0.253012551889256
13,0.7,metadata,,,,,,,,,,state_action_local,1,inf,1,0.01,2.0,good,0.3,0.3000000000000001,0.3000000000000001,0.2826264431752255,0.25,0.16867531571695793
13,0.7,metadata,,,,,,,,,,state_action_local,1,inf,1,0.01,3.0,bad,0.7,0.7,0.7,0.6397378148289327,0.25,0.07228955871549197
14,0.4,Uniform,0.9937933021621633,16.842361447422043,16.947549767923242,0.25,0.4,0.19999999999999996,16.379934753620194,0.4,0.36730212972376747,state_action_local,1,inf,1,0.01,,,,,,,,
14,0.4,Similarity-aware,0.9937933021621633,16.842361447422043,16.947549767923242,0.12000051999752002,0.4,0.19999999999999996,16.379934753620194,0.4,0.36730212972376747,state_action_local,1,inf,1,0.01,,,,,,,,
14,0.4,metadata,,,,,,,,,,state_action_local,1,inf,1,0.01,0.0,good,0.1,0.1000000000000001,0.1000000000000001,0.09537631933167812,0.25,0.4799984800104799
14,0.4,metadata,,,,,,,,,,state_action_local,1,inf,1,0.01,1.0,good,0.2,0.20000000000000007,0.20000000000000007,0.19097780311067863,0.25,0.24000043999544002
14,0.4,metadata,,,,,,,,,,state_action_local,1,inf,1,0.01,2.0,good,0.3,0.29999999999999993,0.29999999999999993,0.28088190743349106,0.25,0.16000055999656004
14,0.4,metadata,,,,,,,,,,state_action_local,1,inf,1,0.01,3.0,bad,0.4,0.4,0.4,0.36730212972376747,0.25,0.12000051999752002
14,0.5,Uniform,0.9937933021621633,16.842361447422043,16.947549767923242,0.25,0.5000000000000001,0.24999999999999994,16.360579856962122,0.5000000000000001,0.47972466168380734,state_action_local,1,inf,1,0.01,,,,,,,,
14,0.5,Similarity-aware,0.9937933021621633,16.842361447422043,16.947549767923242,0.09836113678923347,0.5000000000000001,0.24999999999999994,16.360579856962122,0.5000000000000001,0.47972466168380734,state_action_local,1,inf,1,0.01,,,,,,,,
14,0.5,metadata,,,,,,,,,,state_action_local,1,inf,1,0.01,0.0,good,0.1,0.1000000000000001,0.1000000000000001,0.09537631933167812,0.25,0.49180174954003986
14,0.5,metadata,,,,,,,,,,state_action_local,1,inf,1,0.01,1.0,good,0.2,0.20000000000000007,0.20000000000000007,0.19097780311067863,0.25,0.24590210426824627
14,0.5,metadata,,,,,,,,,,state_action_local,1,inf,1,0.01,2.0,good,0.3,0.29999999999999993,0.29999999999999993,0.28088190743349106,0.25,0.16393500940248043
14,0.5,metadata,,,,,,,,,,state_action_local,1,inf,1,0.01,3.0,bad,0.5,0.5000000000000001,0.5000000000000001,0.47972466168380734,0.25,0.09836113678923347
14,0.6,Uniform,0.9937933021621633,16.842361447422043,16.947549767923242,0.25,0.6000000000000001,0.29999999999999993,16.324138493477527,0.6000000000000001,0.5507929569990428,state_action_local,1,inf,1,0.01,,,,,,,,
14,0.6,Similarity-aware,0.9937933021621633,16.842361447422043,16.947549767923242,0.08333377314657281,0.6000000000000001,0.29999999999999993,16.324138493477527,0.6000000000000001,0.5507929569990428,state_action_local,1,inf,1,0.01,,,,,,,,
14,0.6,metadata,,,,,,,,,,state_action_local,1,inf,1,0.01,0.0,good,0.1,0.1000000000000001,0.1000000000000001,0.09537631933167812,0.25,0.499998472232446
14,0.6,metadata,,,,,,,,,,state_action_local,1,inf,1,0.01,1.0,good,0.2,0.20000000000000007,0.20000000000000007,0.19097780311067863,0.25,0.2500004861061536
14,0.6,metadata,,,,,,,,,,state_action_local,1,inf,1,0.01,2.0,good,0.3,0.29999999999999993,0.29999999999999993,0.28088190743349106,0.25,0.16666726851482774
14,0.6,metadata,,,,,,,,,,state_action_local,1,inf,1,0.01,3.0,bad,0.6,0.6000000000000001,0.6000000000000001,0.5507929569990428,0.25,0.08333377314657281
14,0.7,Uniform,0.9937933021621633,16.842361447422043,16.947549767923242,0.25,0.7,0.3499999999999999,16.344959534534095,0.7,0.6651768338618105,state_action_local,1,inf,1,0.01,,,,,,,,
14,0.7,Similarity-aware,0.9937933021621633,16.842361447422043,16.947549767923242,0.07228955871549197,0.7,0.3499999999999999,16.344959534534095,0.7,0.6651768338618105,state_action_local,1,inf,1,0.01,,,,,,,,
14,0.7,metadata,,,,,,,,,,state_action_local,1,inf,1,0.01,0.0,good,0.1,0.1000000000000001,0.1000000000000001,0.09537631933167812,0.25,0.5060225736782942
14,0.7,metadata,,,,,,,,,,state_action_local,1,inf,1,0.01,1.0,good,0.2,0.20000000000000007,0.20000000000000007,0.19097780311067863,0.25,0.253012551889256
14,0.7,metadata,,,,,,,,,,state_action_local,1,inf,1,0.01,2.0,good,0.3,0.29999999999999993,0.29999999999999993,0.28088190743349106,0.25,0.16867531571695793
14,0.7,metadata,,,,,,,,,,state_action_local,1,inf,1,0.01,3.0,bad,0.7,0.7,0.7,0.6651768338618105,0.25,0.07228955871549197
15,0.4,Uniform,0.9997263388836378,16.188992308369432,16.193423818809414,0.25,0.4,0.19999999999999996,16.09290482398883,0.4,0.37954776404801405,state_action_local,1,inf,1,0.01,,,,,,,,
15,0.4,Similarity-aware,0.9997263388836378,16.188992308369432,16.193423818809414,0.12000051999752002,0.4,0.19999999999999996,16.09290482398883,0.4,0.37954776404801405,state_action_local,1,inf,1,0.01,,,,,,,,
15,0.4,metadata,,,,,,,,,,state_action_local,1,inf,1,0.01,0.0,good,0.1,0.1000000000000001,0.1000000000000001,0.09238495203762882,0.25,0.4799984800104799
15,0.4,metadata,,,,,,,,,,state_action_local,1,inf,1,0.01,1.0,good,0.2,0.20000000000000004,0.20000000000000004,0.18945075423219487,0.25,0.24000043999544002
15,0.4,metadata,,,,,,,,,,state_action_local,1,inf,1,0.01,2.0,good,0.3,0.29999999999999993,0.29999999999999993,0.28403304863204953,0.25,0.16000055999656004
15,0.4,metadata,,,,,,,,,,state_action_local,1,inf,1,0.01,3.0,bad,0.4,0.4,0.4,0.37954776404801405,0.25,0.12000051999752002
15,0.5,Uniform,0.9991845991943223,16.180219687980877,16.193423818809414,0.25,0.5,0.24999999999999994,16.06054025270419,0.5,0.4705041448397044,state_action_local,1,inf,1,0.01,,,,,,,,
15,0.5,Similarity-aware,0.9991845991943223,16.180219687980877,16.193423818809414,0.09836113678923347,0.5,0.24999999999999994,16.06054025270419,0.5,0.4705041448397044,state_action_local,1,inf,1,0.01,,,,,,,,
15,0.5,metadata,,,,,,,,,,state_action_local,1,inf,1,0.01,0.0,good,0.1,0.1000000000000001,0.1000000000000001,0.09238495203762882,0.25,0.49180174954003986
15,0.5,metadata,,,,,,,,,,state_action_local,1,inf,1,0.01,1.0,good,0.2,0.20000000000000004,0.20000000000000004,0.18945075423219487,0.25,0.24590210426824627
15,0.5,metadata,,,,,,,,,,state_action_local,1,inf,1,0.01,2.0,good,0.3,0.29999999999999993,0.29999999999999993,0.28403304863204953,0.25,0.16393500940248043
15,0.5,metadata,,,,,,,,,,state_action_local,1,inf,1,0.01,3.0,bad,0.5,0.5,0.5,0.4705041448397044,0.25,0.09836113678923347
15,0.6,Uniform,0.9998860900638828,16.191579226936696,16.193423818809414,0.25,0.6,0.29999999999999993,15.925930556682676,0.6,0.5634741627594271,state_action_local,1,inf,1,0.01,,,,,,,,
15,0.6,Similarity-aware,1.0,16.193423818809414,16.193423818809414,0.08333377314657281,0.6,0.29999999999999993,15.925930556682676,0.6,0.5634741627594271,state_action_local,1,inf,1,0.01,,,,,,,,
15,0.6,metadata,,,,,,,,,,state_action_local,1,inf,1,0.01,0.0,good,0.1,0.1000000000000001,0.1000000000000001,0.09238495203762882,0.25,0.499998472232446
15,0.6,metadata,,,,,,,,,,state_action_local,1,inf,1,0.01,1.0,good,0.2,0.20000000000000004,0.20000000000000004,0.18945075423219487,0.25,0.2500004861061536
15,0.6,metadata,,,,,,,,,,state_action_local,1,inf,1,0.01,2.0,good,0.3,0.29999999999999993,0.29999999999999993,0.28403304863204953,0.25,0.16666726851482774
15,0.6,metadata,,,,,,,,,,state_action_local,1,inf,1,0.01,3.0,bad,0.6,0.6,0.6,0.5634741627594271,0.25,0.08333377314657281
15,0.7,Uniform,0.9998860900638828,16.191579226936696,16.193423818809414,0.25,0.7,0.3499999999999999,15.65071334943845,0.7,0.6480438421345184,state_action_local,1,inf,1,0.01,,,,,,,,
15,0.7,Similarity-aware,1.0,16.193423818809414,16.193423818809414,0.07228955871549197,0.7,0.3499999999999999,15.65071334943845,0.7,0.6480438421345184,state_action_local,1,inf,1,0.01,,,,,,,,
15,0.7,metadata,,,,,,,,,,state_action_local,1,inf,1,0.01,0.0,good,0.1,0.1000000000000001,0.1000000000000001,0.09238495203762882,0.25,0.5060225736782942
15,0.7,metadata,,,,,,,,,,state_action_local,1,inf,1,0.01,1.0,good,0.2,0.20000000000000004,0.20000000000000004,0.18945075423219487,0.25,0.253012551889256
15,0.7,metadata,,,,,,,,,,state_action_local,1,inf,1,0.01,2.0,good,0.3,0.29999999999999993,0.29999999999999993,0.28403304863204953,0.25,0.16867531571695793
15,0.7,metadata,,,,,,,,,,state_action_local,1,inf,1,0.01,3.0,bad,0.7,0.7,0.7,0.6480438421345184,0.25,0.07228955871549197
16,0.4,Uniform,0.9968076017928809,16.777754970288395,16.83148778170586,0.25,0.4,0.19999999999999996,16.744886949271418,0.4,0.3869565085025913,state_action_local,1,inf,1,0.01,,,,,,,,
16,0.4,Similarity-aware,0.9996576578420251,16.825725653856743,16.83148778170586,0.12000051999752002,0.4,0.19999999999999996,16.744886949271418,0.4,0.3869565085025913,state_action_local,1,inf,1,0.01,,,,,,,,
16,0.4,metadata,,,,,,,,,,state_action_local,1,inf,1,0.01,0.0,good,0.1,0.10000000000000012,0.10000000000000012,0.09514418087667889,0.25,0.4799984800104799
16,0.4,metadata,,,,,,,,,,state_action_local,1,inf,1,0.01,1.0,good,0.2,0.2,0.2,0.1884916474100677,0.25,0.24000043999544002
16,0.4,metadata,,,,,,,,,,state_action_local,1,inf,1,0.01,2.0,good,0.3,0.3,0.3,0.287830696351519,0.25,0.16000055999656004
16,0.4,metadata,,,,,,,,,,state_action_local,1,inf,1,0.01,3.0,bad,0.4,0.4,0.4,0.3869565085025913,0.25,0.12000051999752002
16,0.5,Uniform,0.9968076017928809,16.777754970288395,16.83148778170586,0.25,0.5000000000000001,0.24999999999999994,16.726465740320076,0.5000000000000001,0.46021150568228547,state_action_local,1,inf,1,0.01,,,,,,,,
16,0.5,Similarity-aware,0.9996576578420251,16.825725653856743,16.83148778170586,0.09836113678923347,0.5000000000000001,0.24999999999999994,16.726465740320076,0.5000000000000001,0.46021150568228547,state_action_local,1,inf,1,0.01,,,,,,,,
16,0.5,metadata,,,,,,,,,,state_action_local,1,inf,1,0.01,0.0,good,0.1,0.10000000000000012,0.10000000000000012,0.09514418087667889,0.25,0.49180174954003986
16,0.5,metadata,,,,,,,,,,state_action_local,1,inf,1,0.01,1.0,good,0.2,0.2,0.2,0.1884916474100677,0.25,0.24590210426824627
16,0.5,metadata,,,,,,,,,,state_action_local,1,inf,1,0.01,2.0,good,0.3,0.3,0.3,0.287830696351519,0.25,0.16393500940248043
16,0.5,metadata,,,,,,,,,,state_action_local,1,inf,1,0.01,3.0,bad,0.5,0.5000000000000001,0.5000000000000001,0.46021150568228547,0.25,0.09836113678923347
16,0.6,Uniform,0.9996576578420251,16.825725653856743,16.83148778170586,0.25,0.6,0.29999999999999993,16.72715386782037,0.6,0.5606030037495392,state_action_local,1,inf,1,0.01,,,,,,,,
16,0.6,Similarity-aware,0.9996576578420251,16.825725653856743,16.83148778170586,0.08333377314657281,0.6,0.29999999999999993,16.72715386782037,0.6,0.5606030037495392,state_action_local,1,inf,1,0.01,,,,,,,,
16,0.6,metadata,,,,,,,,,,state_action_local,1,inf,1,0.01,0.0,good,0.1,0.10000000000000012,0.10000000000000012,0.09514418087667889,0.25,0.499998472232446
16,0.6,metadata,,,,,,,,,,state_action_local,1,inf,1,0.01,1.0,good,0.2,0.2,0.2,0.1884916474100677,0.25,0.2500004861061536
16,0.6,metadata,,,,,,,,,,state_action_local,1,inf,1,0.01,2.0,good,0.3,0.3,0.3,0.287830696351519,0.25,0.16666726851482774
16,0.6,metadata,,,,,,,,,,state_action_local,1,inf,1,0.01,3.0,bad,0.6,0.6,0.6,0.5606030037495392,0.25,0.08333377314657281
16,0.7,Uniform,0.9996576578420251,16.825725653856743,16.83148778170586,0.25,0.7,0.3499999999999999,16.604786599494197,0.7,0.6555415969217644,state_action_local,1,inf,1,0.01,,,,,,,,
16,0.7,Similarity-aware,0.9996576578420251,16.825725653856743,16.83148778170586,0.07228955871549197,0.7,0.3499999999999999,16.604786599494197,0.7,0.6555415969217644,state_action_local,1,inf,1,0.01,,,,,,,,
16,0.7,metadata,,,,,,,,,,state_action_local,1,inf,1,0.01,0.0,good,0.1,0.10000000000000012,0.10000000000000012,0.09514418087667889,0.25,0.5060225736782942
16,0.7,metadata,,,,,,,,,,state_action_local,1,inf,1,0.01,1.0,good,0.2,0.2,0.2,0.1884916474100677,0.25,0.253012551889256
16,0.7,metadata,,,,,,,,,,state_action_local,1,inf,1,0.01,2.0,good,0.3,0.3,0.3,0.287830696351519,0.25,0.16867531571695793
16,0.7,metadata,,,,,,,,,,state_action_local,1,inf,1,0.01,3.0,bad,0.7,0.7,0.7,0.6555415969217644,0.25,0.07228955871549197
17,0.4,Uniform,1.0,16.045691404438355,16.045691404438355,0.25,0.4,0.19999999999999996,16.041372560195516,0.4,0.37466870802933844,state_action_local,1,inf,1,0.01,,,,,,,,
17,0.4,Similarity-aware,1.0,16.045691404438355,16.045691404438355,0.12000051999752002,0.4,0.19999999999999996,16.041372560195516,0.4,0.37466870802933844,state_action_local,1,inf,1,0.01,,,,,,,,
17,0.4,metadata,,,,,,,,,,state_action_local,1,inf,1,0.01,0.0,good,0.1,0.10000000000000013,0.10000000000000013,0.09518904920103374,0.25,0.4799984800104799
17,0.4,metadata,,,,,,,,,,state_action_local,1,inf,1,0.01,1.0,good,0.2,0.2,0.2,0.18458694986254204,0.25,0.24000043999544002
17,0.4,metadata,,,,,,,,,,state_action_local,1,inf,1,0.01,2.0,good,0.3,0.29999999999999993,0.29999999999999993,0.28223244057979074,0.25,0.16000055999656004
17,0.4,metadata,,,,,,,,,,state_action_local,1,inf,1,0.01,3.0,bad,0.4,0.4,0.4,0.37466870802933844,0.25,0.12000051999752002
17,0.5,Uniform,1.0,16.045691404438355,16.045691404438355,0.25,0.5000000000000001,0.24999999999999994,15.966407366069669,0.5000000000000001,0.47590317084878203,state_action_local,1,inf,1,0.01,,,,,,,,
17,0.5,Similarity-aware,1.0,16.045691404438355,16.045691404438355,0.09836113678923347,0.5000000000000001,0.24999999999999994,15.966407366069669,0.5000000000000001,0.47590317084878203,state_action_local,1,inf,1,0.01,,,,,,,,
17,0.5,metadata,,,,,,,,,,state_action_local,1,inf,1,0.01,0.0,good,0.1,0.10000000000000013,0.10000000000000013,0.09518904920103374,0.25,0.49180174954003986
17,0.5,metadata,,,,,,,,,,state_action_local,1,inf,1,0.01,1.0,good,0.2,0.2,0.2,0.18458694986254204,0.25,0.24590210426824627
17,0.5,metadata,,,,,,,,,,state_action_local,1,inf,1,0.01,2.0,good,0.3,0.29999999999999993,0.29999999999999993,0.28223244057979074,0.25,0.16393500940248043
17,0.5,metadata,,,,,,,,,,state_action_local,1,inf,1,0.01,3.0,bad,0.5,0.5000000000000001,0.5000000000000001,0.47590317084878203,0.25,0.09836113678923347
17,0.6,Uniform,0.9997308408759722,16.041372560195516,16.045691404438355,0.25,0.6000000000000001,0.29999999999999993,15.884289949304675,0.6000000000000001,0.576009554401377,state_action_local,1,inf,1,0.01,,,,,,,,
17,0.6,Similarity-aware,1.0,16.045691404438355,16.045691404438355,0.08333377314657281,0.6000000000000001,0.29999999999999993,15.884289949304675,0.6000000000000001,0.576009554401377,state_action_local,1,inf,1,0.01,,,,,,,,
17,0.6,metadata,,,,,,,,,,state_action_local,1,inf,1,0.01,0.0,good,0.1,0.10000000000000013,0.10000000000000013,0.09518904920103374,0.25,0.499998472232446
17,0.6,metadata,,,,,,,,,,state_action_local,1,inf,1,0.01,1.0,good,0.2,0.2,0.2,0.18458694986254204,0.25,0.2500004861061536
17,0.6,metadata,,,,,,,,,,state_action_local,1,inf,1,0.01,2.0,good,0.3,0.29999999999999993,0.29999999999999993,0.28223244057979074,0.25,0.16666726851482774
17,0.6,metadata,,,,,,,,,,state_action_local,1,inf,1,0.01,3.0,bad,0.6,0.6000000000000001,0.6000000000000001,0.576009554401377,0.25,0.08333377314657281
17,0.7,Uniform,1.0,16.045691404438355,16.045691404438355,0.25,0.7,0.3499999999999999,15.926527686879114,0.7,0.6670879546984949,state_action_local,1,inf,1,0.01,,,,,,,,
17,0.7,Similarity-aware,1.0,16.045691404438355,16.045691404438355,0.07228955871549197,0.7,0.3499999999999999,15.926527686879114,0.7,0.6670879546984949,state_action_local,1,inf,1,0.01,,,,,,,,
17,0.7,metadata,,,,,,,,,,state_action_local,1,inf,1,0.01,0.0,good,0.1,0.10000000000000013,0.10000000000000013,0.09518904920103374,0.25,0.5060225736782942
17,0.7,metadata,,,,,,,,,,state_action_local,1,inf,1,0.01,1.0,good,0.2,0.2,0.2,0.18458694986254204,0.25,0.253012551889256
17,0.7,metadata,,,,,,,,,,state_action_local,1,inf,1,0.01,2.0,good,0.3,0.29999999999999993,0.29999999999999993,0.28223244057979074,0.25,0.16867531571695793
17,0.7,metadata,,,,,,,,,,state_action_local,1,inf,1,0.01,3.0,bad,0.7,0.7,0.7,0.6670879546984949,0.25,0.07228955871549197
18,0.4,Uniform,0.9997818701622738,16.890362725177386,16.89404782108714,0.25,0.4,0.19999999999999996,16.763327833644453,0.4,0.3722943750227794,state_action_local,1,inf,1,0.01,,,,,,,,
18,0.4,Similarity-aware,1.0,16.89404782108714,16.89404782108714,0.12000051999752002,0.4,0.19999999999999996,16.763327833644453,0.4,0.3722943750227794,state_action_local,1,inf,1,0.01,,,,,,,,
18,0.4,metadata,,,,,,,,,,state_action_local,1,inf,1,0.01,0.0,good,0.1,0.10000000000000012,0.10000000000000012,0.09338795064769645,0.25,0.4799984800104799
18,0.4,metadata,,,,,,,,,,state_action_local,1,inf,1,0.01,1.0,good,0.2,0.20000000000000004,0.20000000000000004,0.19081839768800524,0.25,0.24000043999544002
18,0.4,metadata,,,,,,,,,,state_action_local,1,inf,1,0.01,2.0,good,0.3,0.3,0.3,0.2791365514910089,0.25,0.16000055999656004
18,0.4,metadata,,,,,,,,,,state_action_local,1,inf,1,0.01,3.0,bad,0.4,0.4,0.4,0.3722943750227794,0.25,0.12000051999752002
18,0.5,Uniform,0.9998577901938074,16.891645321820693,16.89404782108714,0.25,0.5000000000000001,0.24999999999999994,16.750391586456942,0.5000000000000001,0.4770096544999324,state_action_local,1,inf,1,0.01,,,,,,,,
18,0.5,Similarity-aware,1.0,16.89404782108714,16.89404782108714,0.09836113678923347,0.5000000000000001,0.24999999999999994,16.750391586456942,0.5000000000000001,0.4770096544999324,state_action_local,1,inf,1,0.01,,,,,,,,
18,0.5,metadata,,,,,,,,,,state_action_local,1,inf,1,0.01,0.0,good,0.1,0.10000000000000012,0.10000000000000012,0.09338795064769645,0.25,0.49180174954003986
18,0.5,metadata,,,,,,,,,,state_action_local,1,inf,1,0.01,1.0,good,0.2,0.20000000000000004,0.20000000000000004,0.19081839768800524,0.25,0.24590210426824627
18,0.5,metadata,,,,,,,,,,state_action_local,1,inf,1,0.01,2.0,good,0.3,0.3,0.3,0.2791365514910089,0.25,0.16393500940248043
18,0.5,metadata,,,,,,,,,,state_action_local,1,inf,1,0.01,3.0,bad,0.5,0.5000000000000001,0.5000000000000001,0.4770096544999324,0.25,0.09836113678923347
18,0.6,Uniform,1.0,16.89404782108714,16.89404782108714,0.25,0.6,0.29999999999999993,16.544785310928134,0.6,0.5577239451011041,state_action_local,1,inf,1,0.01,,,,,,,,
18,0.6,Similarity-aware,1.0,16.89404782108714,16.89404782108714,0.08333377314657281,0.6,0.29999999999999993,16.544785310928134,0.6,0.5577239451011041,state_action_local,1,inf,1,0.01,,,,,,,,
18,0.6,metadata,,,,,,,,,,state_action_local,1,inf,1,0.01,0.0,good,0.1,0.10000000000000012,0.10000000000000012,0.09338795064769645,0.25,0.499998472232446
18,0.6,metadata,,,,,,,,,,state_action_local,1,inf,1,0.01,1.0,good,0.2,0.20000000000000004,0.20000000000000004,0.19081839768800524,0.25,0.2500004861061536
18,0.6,metadata,,,,,,,,,,state_action_local,1,inf,1,0.01,2.0,good,0.3,0.3,0.3,0.2791365514910089,0.25,0.16666726851482774
18,0.6,metadata,,,,,,,,,,state_action_local,1,inf,1,0.01,3.0,bad,0.6,0.6,0.6,0.5577239451011041,0.25,0.08333377314657281
18,0.7,Uniform,0.9996479681895849,16.888100578847443,16.89404782108714,0.25,0.7,0.3499999999999999,16.39108933022693,0.7,0.6590583770605893,state_action_local,1,inf,1,0.01,,,,,,,,
18,0.7,Similarity-aware,1.0,16.89404782108714,16.89404782108714,0.07228955871549197,0.7,0.3499999999999999,16.39108933022693,0.7,0.6590583770605893,state_action_local,1,inf,1,0.01,,,,,,,,
18,0.7,metadata,,,,,,,,,,state_action_local,1,inf,1,0.01,0.0,good,0.1,0.10000000000000012,0.10000000000000012,0.09338795064769645,0.25,0.5060225736782942
18,0.7,metadata,,,,,,,,,,state_action_local,1,inf,1,0.01,1.0,good,0.2,0.20000000000000004,0.20000000000000004,0.19081839768800524,0.25,0.253012551889256
18,0.7,metadata,,,,,,,,,,state_action_local,1,inf,1,0.01,2.0,good,0.3,0.3,0.3,0.2791365514910089,0.25,0.16867531571695793
18,0.7,metadata,,,,,,,,,,state_action_local,1,inf,1,0.01,3.0,bad,0.7,0.7,0.7,0.6590583770605893,0.25,0.07228955871549197
19,0.4,Uniform,0.9917680643062257,16.308337005431504,16.443700490436463,0.25,0.4,0.19999999999999996,16.20266153747138,0.4,0.3777117096047848,state_action_local,1,inf,1,0.01,,,,,,,,
19,0.4,Similarity-aware,0.9917680643062257,16.308337005431504,16.443700490436463,0.12000051999752002,0.4,0.19999999999999996,16.20266153747138,0.4,0.3777117096047848,state_action_local,1,inf,1,0.01,,,,,,,,
19,0.4,metadata,,,,,,,,,,state_action_local,1,inf,1,0.01,0.0,good,0.1,0.10000000000000012,0.10000000000000012,0.09423595657530302,0.25,0.4799984800104799
19,0.4,metadata,,,,,,,,,,state_action_local,1,inf,1,0.01,1.0,good,0.2,0.20000000000000004,0.20000000000000004,0.18705155136561194,0.25,0.24000043999544002
19,0.4,metadata,,,,,,,,,,state_action_local,1,inf,1,0.01,2.0,good,0.3,0.29999999999999993,0.29999999999999993,0.2840753906389487,0.25,0.16000055999656004
19,0.4,metadata,,,,,,,,,,state_action_local,1,inf,1,0.01,3.0,bad,0.4,0.4,0.4,0.3777117096047848,0.25,0.12000051999752002
19,0.5,Uniform,0.990009672552918,16.27942253809526,16.443700490436463,0.25,0.5000000000000001,0.24999999999999994,16.197677696963197,0.5000000000000001,0.4659089808981509,state_action_local,1,inf,1,0.01,,,,,,,,
19,0.5,Similarity-aware,0.990009672552918,16.27942253809526,16.443700490436463,0.09836113678923347,0.5000000000000001,0.24999999999999994,16.197677696963197,0.5000000000000001,0.4659089808981509,state_action_local,1,inf,1,0.01,,,,,,,,
19,0.5,metadata,,,,,,,,,,state_action_local,1,inf,1,0.01,0.0,good,0.1,0.10000000000000012,0.10000000000000012,0.09423595657530302,0.25,0.49180174954003986
19,0.5,metadata,,,,,,,,,,state_action_local,1,inf,1,0.01,1.0,good,0.2,0.20000000000000004,0.20000000000000004,0.18705155136561194,0.25,0.24590210426824627
19,0.5,metadata,,,,,,,,,,state_action_local,1,inf,1,0.01,2.0,good,0.3,0.29999999999999993,0.29999999999999993,0.2840753906389487,0.25,0.16393500940248043
19,0.5,metadata,,,,,,,,,,state_action_local,1,inf,1,0.01,3.0,bad,0.5,0.5000000000000001,0.5000000000000001,0.4659089808981509,0.25,0.09836113678923347
19,0.6,Uniform,0.990009672552918,16.27942253809526,16.443700490436463,0.25,0.6,0.29999999999999993,16.039090577821394,0.6,0.5731384291132068,state_action_local,1,inf,1,0.01,,,,,,,,
19,0.6,Similarity-aware,0.9917680643062257,16.308337005431504,16.443700490436463,0.08333377314657281,0.6,0.29999999999999993,16.039090577821394,0.6,0.5731384291132068,state_action_local,1,inf,1,0.01,,,,,,,,
19,0.6,metadata,,,,,,,,,,state_action_local,1,inf,1,0.01,0.0,good,0.1,0.10000000000000012,0.10000000000000012,0.09423595657530302,0.25,0.499998472232446
19,0.6,metadata,,,,,,,,,,state_action_local,1,inf,1,0.01,1.0,good,0.2,0.20000000000000004,0.20000000000000004,0.18705155136561194,0.25,0.2500004861061536
19,0.6,metadata,,,,,,,,,,state_action_local,1,inf,1,0.01,2.0,good,0.3,0.29999999999999993,0.29999999999999993,0.2840753906389487,0.25,0.16666726851482774
19,0.6,metadata,,,,,,,,,,state_action_local,1,inf,1,0.01,3.0,bad,0.6,0.6,0.6,0.5731384291132068,0.25,0.08333377314657281
19,0.7,Uniform,0.9877052697524777,16.241529628635497,16.443700490436463,0.25,0.7,0.3499999999999999,15.889307382007928,0.7,0.6613721530738255,state_action_local,1,inf,1,0.01,,,,,,,,
19,0.7,Similarity-aware,0.9917680643062257,16.308337005431504,16.443700490436463,0.07228955871549197,0.7,0.3499999999999999,15.889307382007928,0.7,0.6613721530738255,state_action_local,1,inf,1,0.01,,,,,,,,
19,0.7,metadata,,,,,,,,,,state_action_local,1,inf,1,0.01,0.0,good,0.1,0.10000000000000012,0.10000000000000012,0.09423595657530302,0.25,0.5060225736782942
19,0.7,metadata,,,,,,,,,,state_action_local,1,inf,1,0.01,1.0,good,0.2,0.20000000000000004,0.20000000000000004,0.18705155136561194,0.25,0.253012551889256
19,0.7,metadata,,,,,,,,,,state_action_local,1,inf,1,0.01,2.0,good,0.3,0.29999999999999993,0.29999999999999993,0.2840753906389487,0.25,0.16867531571695793
19,0.7,metadata,,,,,,,,,,state_action_local,1,inf,1,0.01,3.0,bad,0.7,0.7,0.7,0.6613721530738255,0.25,0.07228955871549197
